No,자료시점,분류,분류,분류,실(양)부모,계부모,실부계모,실부무모,실모계부,실모무부,계부무모,계모무부,무부모,미상
1,2014년,계,계[입력치],계[입력치],"52,718",279,999,"6,767",715,"6,445",111,87,"1,864",7
2,2014년,형법범,형법범계[입력치],형법범계[입력치],"42,918",208,894,"5,803",610,"5,372",89,56,"1,623",5
3,2014년,형법범,재산범죄,재산범죄의 계[입력치],"25,061",129,645,"3,769",375,"3,120",62,37,"1,110",1
4,2014년,형법범,재산범죄,배임,0,0,0,0,0,0,0,0,0,0
5,2014년,형법범,재산범죄,사기,"4,471",37,121,656,66,550,10,12,165,0
6,2014년,형법범,재산범죄,손괴,485,5,3,53,7,76,0,1,18,0
7,2014년,형법범,재산범죄,장물,631,1,4,66,5,64,6,0,25,0
8,2014년,형법범,재산범죄,절도,"18,424",83,506,"2,898",282,"2,296",45,19,874,1
9,2014년,형법범,재산범죄,횡령,"1,050",3,11,96,15,134,1,5,28,0
10,2014년,형법범,강력범죄(흉악),강력범죄(흉악)의 계[입력치],"2,259",6,42,244,27,243,1,5,66,1
11,2014년,형법범,강력범죄(흉악),강도,280,1,9,36,9,40,0,0,17,0
12,2014년,형법범,강력범죄(흉악),방화,125,0,2,12,2,11,0,1,1,0
13,2014년,형법범,강력범죄(흉악),살인,15,2,0,3,0,3,0,0,2,0
14,2014년,형법범,강력범죄(흉악),성폭력,"1,839",3,31,193,16,189,1,4,46,1
15,2014년,형법범,강력범죄(폭력),강력범죄(폭력)의 계[입력치],"12,718",55,179,"1,530",173,"1,666",23,13,368,1
16,2014년,형법범,강력범죄(폭력),공갈,"1,365",4,28,205,21,214,1,5,59,1
17,2014년,형법범,강력범죄(폭력),상해,"5,194",31,73,576,72,648,10,4,146,0
18,2014년,형법범,강력범죄(폭력),약취와 유인,9,0,0,0,0,0,0,0,0,0
19,2014년,형법범,강력범죄(폭력),체포와 감금,65,0,0,11,3,11,0,0,2,0
20,2014년,형법범,강력범죄(폭력),"폭력행위등(단체등의구성,활동)",80,0,0,8,0,12,0,0,3,0
21,2014년,형법범,강력범죄(폭력),"폭력행위등(손괴,강요,주거침입등)",432,0,5,68,5,44,0,0,12,0
22,2014년,형법범,강력범죄(폭력),폭행,"5,376",19,71,641,69,709,11,4,142,0
23,2014년,형법범,강력범죄(폭력),협박,197,1,2,21,3,28,1,0,4,0
24,2014년,형법범,위조범죄,위조범죄의 계[입력치],"1,384",13,17,121,17,179,2,1,29,0
25,2014년,형법범,위조범죄,문서,"1,364",13,17,121,17,179,2,1,29,0
26,2014년,형법범,위조범죄,유가증권인지우표,2,0,0,0,0,0,0,0,0,0
27,2014년,형법범,위조범죄,인장,4,0,0,0,0,0,0,0,0,0
28,2014년,형법범,위조범죄,통화,14,0,0,0,0,0,0,0,0,0
29,2014년,형법범,공무원범죄,공무원범죄의 계[입력치],0,0,0,0,0,0,0,0,0,0
30,2014년,형법범,공무원범죄,수뢰,0,0,0,0,0,0,0,0,0,0
31,2014년,형법범,공무원범죄,증뢰,0,0,0,0,0,0,0,0,0,0
32,2014년,형법범,공무원범죄,직권남용,0,0,0,0,0,0,0,0,0,0
33,2014년,형법범,공무원범죄,직무유기,0,0,0,0,0,0,0,0,0,0
34,2014년,형법범,풍속범죄,풍속범죄의 계[입력치],64,0,0,3,0,3,0,0,0,0
35,2014년,형법범,풍속범죄,기타음란행위,36,0,0,3,0,2,0,0,0,0
36,2014년,형법범,풍속범죄,도박과 복표,28,0,0,0,0,1,0,0,0,0
37,2014년,형법범,풍속범죄,신앙,0,0,0,0,0,0,0,0,0,0
38,2014년,형법범,과실범죄,과실범죄의 계[입력치],99,0,0,7,2,6,0,0,1,0
39,2014년,형법범,과실범죄,과실치사상,39,0,0,2,1,0,0,0,1,0
40,2014년,형법범,과실범죄,실화,55,0,0,5,1,3,0,0,0,0
41,2014년,형법범,과실범죄,업무상과실치사상,5,0,0,0,0,3,0,0,0,0
42,2014년,형법범,기타형법범죄,기타형법범죄의 계[입력치],"1,333",5,11,129,16,155,1,0,49,2
43,2014년,형법범,기타형법범죄,공무방해,234,0,4,37,5,32,0,0,13,0
44,2014년,형법범,기타형법범죄,공안을해하는죄,0,0,0,0,0,0,0,0,0,0
45,2014년,형법범,기타형법범죄,교통방해,5,0,0,1,0,2,0,0,0,0
46,2014년,형법범,기타형법범죄,권리행사방해,24,0,0,7,0,6,0,0,1,0
47,2014년,형법범,기타형법범죄,내란의죄,0,0,0,0,0,0,0,0,0,0
48,2014년,형법범,기타형법범죄,도주와범인은닉,16,0,0,0,0,2,0,0,0,0
49,2014년,형법범,기타형법범죄,명예,753,2,3,40,3,75,0,0,11,0
50,2014년,형법범,기타형법범죄,무고,9,0,0,2,2,4,0,0,1,1
51,2014년,형법범,기타형법범죄,비밀침해,0,0,0,0,0,0,0,0,0,0
52,2014년,형법범,기타형법범죄,신용업무경매,80,1,0,13,3,10,0,0,4,0
53,2014년,형법범,기타형법범죄,위증과증거인멸,6,0,0,0,0,1,0,0,0,1
54,2014년,형법범,기타형법범죄,유기,3,0,0,0,0,1,0,0,0,0
55,2014년,형법범,기타형법범죄,음용수에관한죄,0,0,0,0,0,0,0,0,0,0
56,2014년,형법범,기타형법범죄,일수와수리에관한죄,0,0,0,0,0,0,0,0,0,0
57,2014년,형법범,기타형법범죄,주거침입,200,2,3,29,3,21,1,0,19,0
58,2014년,형법범,기타형법범죄,기타,3,0,1,0,0,1,0,0,0,0
59,2014년,특별법범,특별법범의 계[입력치],특별법범의 계[입력치],"9,800",71,105,964,105,"1,073",22,31,241,2
60,2014년,특별법범,개발제한구역의지정및관리에관한특별조치법,개발제한구역의지정및관리에관한특별조치법,0,0,0,0,0,0,0,0,0,0
61,2014년,특별법범,개인정보보호법,개인정보보호법,2,0,0,1,1,1,0,0,0,0
62,2014년,특별법범,건축법,건축법,0,0,0,0,0,0,0,0,0,0
63,2014년,특별법범,게임산업진흥에관한법률,게임산업진흥에관한법률,96,2,1,10,0,7,0,0,0,0
64,2014년,특별법범,경범죄처벌법,경범죄처벌법,36,1,0,11,1,8,0,0,2,0
65,2014년,특별법범,공유재산및물품관리법,공유재산및물품관리법,0,0,0,0,0,0,0,0,0,0
66,2014년,특별법범,공인중개사법,공인중개사법,0,0,0,0,0,0,0,0,0,0
67,2014년,특별법범,공중위생관리법,공중위생관리법,3,0,0,0,0,0,0,0,0,0
68,2014년,특별법범,공직선거법,공직선거법,4,0,1,0,0,0,0,0,0,0
69,2014년,특별법범,교통사고처리특례법,교통사고처리특례법,"2,058",16,20,183,16,195,7,11,39,0
70,2014년,특별법범,국민체육진흥법,국민체육진흥법,16,0,0,1,0,0,0,0,0,0
71,2014년,특별법범,국토의계획및이용에관한법률,국토의계획및이용에관한법률,0,0,0,0,0,0,0,0,0,0
72,2014년,특별법범,근로기준법,근로기준법,0,0,0,0,0,0,0,0,0,0
73,2014년,특별법범,근로자퇴직급여보장법,근로자퇴직급여보장법,0,0,0,0,0,0,0,0,0,0
74,2014년,특별법범,농수산물의원산지표시에관한법률,농수산물의원산지표시에관한법률,0,0,0,0,0,0,0,0,0,0
75,2014년,특별법범,농지법,농지법,0,0,0,0,0,0,0,0,0,0
76,2014년,특별법범,대기환경보전법,대기환경보전법,0,0,0,0,0,0,0,0,0,0
77,2014년,특별법범,대부업등의등록및금융이용자보호에관한법률,대부업등의등록및금융이용자보호에관한법률,0,0,0,0,0,0,0,0,0,0
78,2014년,특별법범,도로교통법,도로교통법,"4,045",38,36,384,46,408,5,13,107,0
79,2014년,특별법범,도로법,도로법,1,0,0,0,0,0,0,0,0,0
80,2014년,특별법범,마약류관리에관한법률,마약류관리에관한법률,38,0,0,2,2,2,0,0,0,0
81,2014년,특별법범,병역법,병역법,0,0,0,0,0,0,0,0,0,0
82,2014년,특별법범,부정경쟁방지및영업비밀보호에관한법률,부정경쟁방지및영업비밀보호에관한법률,0,0,0,0,0,0,0,0,0,0
83,2014년,특별법범,부정수표단속법,부정수표단속법,5,0,0,0,1,0,0,0,0,0
84,2014년,특별법범,사행행위등규제및처벌특례법,사행행위등규제및처벌특례법,7,0,0,1,0,1,0,0,0,0
85,2014년,특별법범,산림자원의조성및관리에관한법률,산림자원의조성및관리에관한법률,0,0,0,0,0,0,0,0,0,0
86,2014년,특별법범,산업안전보건법,산업안전보건법,0,0,0,0,0,0,0,0,0,0
87,2014년,특별법범,산지관리법,산지관리법,0,0,0,0,0,0,0,0,0,0
88,2014년,특별법범,상표법,상표법,3,0,0,0,0,0,0,0,0,0
89,2014년,특별법범,선박안전법,선박안전법,0,0,0,0,0,0,0,0,0,0
90,2014년,특별법범,선박직원법,선박직원법,0,0,0,0,0,0,0,0,0,0
91,2014년,특별법범,성매매알선등행위의처벌에관한법률,성매매알선등행위의처벌에관한법률,,,,,,,,,,
92,2014년,특별법범,수산업법,수산업법,0,0,0,0,0,0,0,0,0,0
93,2014년,특별법범,수산자원관리법,수산자원관리법,0,0,0,0,0,0,0,0,0,0
94,2014년,특별법범,물환경보전법,물환경보전법,0,0,0,0,0,0,0,0,0,0
95,2014년,특별법범,식품위생법,식품위생법,8,0,0,1,0,1,0,0,0,0
96,2014년,특별법범,아동·청소년의성보호에관한법률(성매수등),아동·청소년의성보호에관한법률(성매수등),115,0,6,26,3,12,0,0,2,1
97,2014년,특별법범,아동·청소년의성보호에관한법률(음란물등),아동·청소년의성보호에관한법률(음란물등),65,0,1,5,0,7,0,0,0,0
98,2014년,특별법범,아동복지법,아동복지법,2,0,1,1,0,0,0,0,1,0
99,2014년,특별법범,여객자동차운수사업법,여객자동차운수사업법,1,0,0,0,0,0,0,0,0,0
100,2014년,특별법범,여신전문금융업법,여신전문금융업법,120,1,1,25,5,18,1,0,7,0
101,2014년,특별법범,외국환거래법,외국환거래법,0,0,0,0,0,0,0,0,0,0
102,2014년,특별법범,의료법,의료법,5,0,0,0,0,0,0,0,0,0
103,2014년,특별법범,자동차관리법,자동차관리법,112,0,0,13,0,13,0,0,4,0
104,2014년,특별법범,자동차손해배상보장법,자동차손해배상보장법,241,1,3,36,2,31,0,0,14,1
105,2014년,특별법범,저작권법,저작권법,78,2,1,7,0,8,0,1,0,0
106,2014년,특별법범,전자금융거래법,전자금융거래법,265,2,5,30,3,18,1,0,9,0
107,2014년,특별법범,정보통신망이용촉진및정보보호등에관한법률,정보통신망이용촉진및정보보호등에관한법률,384,3,2,29,0,52,2,2,8,0
108,2014년,특별법범,조세범처벌법,조세범처벌법,0,0,0,0,0,0,0,0,0,0
109,2014년,특별법범,주민등록법,주민등록법,742,2,11,75,4,132,1,2,20,0
110,2014년,특별법범,청소년보호법,청소년보호법,778,2,6,53,6,80,5,1,16,0
111,2014년,특별법범,축산물위생관리법,축산물위생관리법,0,0,0,0,0,0,0,0,0,0
112,2014년,특별법범,출입국관리법,출입국관리법,1,0,0,0,0,0,0,0,0,0
113,2014년,특별법범,통신비밀보호법,통신비밀보호법,0,0,0,0,0,0,0,0,0,0
114,2014년,특별법범,특가법(도주차량),특가법(도주차량),151,1,2,23,7,23,0,0,2,0
115,2014년,특별법범,폐기물관리법,폐기물관리법,0,0,0,0,0,0,0,0,0,0
116,2014년,특별법범,풍속영업의규제에관한법률,풍속영업의규제에관한법률,0,0,0,0,0,0,0,0,0,0
117,2014년,특별법범,학원의설립운영및과외교습에관한법률,학원의설립운영및과외교습에관한법률,0,0,0,0,0,0,0,0,0,0
118,2014년,특별법범,예비군법,예비군법,0,0,0,0,0,0,0,0,0,0
119,2014년,특별법범,화물자동차운수사업법,화물자동차운수사업법,0,0,0,0,0,0,0,0,0,0
120,2014년,특별법범,기타특별법,기타특별법,332,0,7,41,7,45,0,1,6,0
121,2015년,계,계[입력치],계[입력치],"47,733",251,864,"5,480",661,"5,516",85,65,"1,619",8
122,2015년,형법범,형법범계[입력치],형법범계[입력치],"38,213",194,777,"4,647",576,"4,548",68,38,"1,366",7
123,2015년,형법범,재산범죄,재산범죄의 계[입력치],"22,124",108,529,"3,046",369,"2,644",42,20,951,2
124,2015년,형법범,재산범죄,배임,2,0,0,0,0,0,0,0,0,0
125,2015년,형법범,재산범죄,사기,"4,742",21,97,633,69,592,9,4,217,0
126,2015년,형법범,재산범죄,손괴,533,4,11,72,13,62,0,0,15,1
127,2015년,형법범,재산범죄,장물,623,1,3,53,5,61,3,0,23,0
128,2015년,형법범,재산범죄,절도,"15,119",67,409,"2,176",269,"1,825",30,13,667,1
129,2015년,형법범,재산범죄,횡령,"1,105",15,9,112,13,104,0,3,29,0
130,2015년,형법범,강력범죄(흉악),강력범죄(흉악)의 계[입력치],"1,930",7,43,204,29,198,3,5,48,1
131,2015년,형법범,강력범죄(흉악),강도,302,0,10,43,5,37,1,0,10,0
132,2015년,형법범,강력범죄(흉악),방화,45,0,1,8,0,2,0,0,1,0
133,2015년,형법범,강력범죄(흉악),살인,13,0,0,1,0,2,0,0,0,0
134,2015년,형법범,강력범죄(흉악),성폭력,"1,570",7,32,152,24,157,2,5,37,1
135,2015년,형법범,강력범죄(폭력),강력범죄(폭력)의 계[입력치],"11,030",64,167,"1,150",148,"1,384",17,10,313,2
136,2015년,형법범,강력범죄(폭력),공갈,875,8,21,107,14,124,5,1,38,0
137,2015년,형법범,강력범죄(폭력),상해,"4,327",23,61,450,61,535,6,3,104,0
138,2015년,형법범,강력범죄(폭력),약취와 유인,10,0,1,2,0,0,0,0,1,0
139,2015년,형법범,강력범죄(폭력),체포와 감금,77,0,2,5,2,10,0,0,5,0
140,2015년,형법범,강력범죄(폭력),"폭력행위등(단체등의구성,활동)",73,0,2,4,2,7,0,0,2,0
141,2015년,형법범,강력범죄(폭력),"폭력행위등(손괴,강요,주거침입등)",283,0,4,34,7,33,0,1,11,0
142,2015년,형법범,강력범죄(폭력),폭행,"5,151",32,73,534,60,644,6,5,145,2
143,2015년,형법범,강력범죄(폭력),협박,234,1,3,14,2,31,0,0,7,0
144,2015년,형법범,위조범죄,위조범죄의 계[입력치],"1,452",9,17,116,14,148,2,3,27,1
145,2015년,형법범,위조범죄,문서,"1,416",8,16,111,13,144,2,3,27,1
146,2015년,형법범,위조범죄,유가증권인지우표,12,0,0,1,1,0,0,0,0,0
147,2015년,형법범,위조범죄,인장,7,0,0,3,0,1,0,0,0,0
148,2015년,형법범,위조범죄,통화,17,1,1,1,0,3,0,0,0,0
149,2015년,형법범,공무원범죄,공무원범죄의 계[입력치],0,0,0,0,0,0,0,0,0,0
150,2015년,형법범,공무원범죄,수뢰,0,0,0,0,0,0,0,0,0,0
151,2015년,형법범,공무원범죄,증뢰,0,0,0,0,0,0,0,0,0,0
152,2015년,형법범,공무원범죄,직권남용,0,0,0,0,0,0,0,0,0,0
153,2015년,형법범,공무원범죄,직무유기,0,0,0,0,0,0,0,0,0,0
154,2015년,형법범,풍속범죄,풍속범죄의 계[입력치],85,0,0,7,1,5,0,0,1,0
155,2015년,형법범,풍속범죄,기타음란행위,34,0,0,5,0,3,0,0,1,0
156,2015년,형법범,풍속범죄,도박과 복표,51,0,0,2,1,2,0,0,0,0
157,2015년,형법범,풍속범죄,신앙,0,0,0,0,0,0,0,0,0,0
158,2015년,형법범,과실범죄,과실범죄의 계[입력치],75,0,0,5,0,8,0,0,0,0
159,2015년,형법범,과실범죄,과실치사상,35,0,0,1,0,2,0,0,0,0
160,2015년,형법범,과실범죄,실화,37,0,0,4,0,6,0,0,0,0
161,2015년,형법범,과실범죄,업무상과실치사상,3,0,0,0,0,0,0,0,0,0
162,2015년,형법범,기타형법범죄,기타형법범죄의 계[입력치],"1,517",6,21,119,15,161,4,0,26,1
163,2015년,형법범,기타형법범죄,공무방해,248,1,9,36,5,35,1,0,3,0
164,2015년,형법범,기타형법범죄,공안을해하는죄,0,0,0,0,0,0,0,0,0,0
165,2015년,형법범,기타형법범죄,교통방해,6,0,0,0,0,0,0,0,0,0
166,2015년,형법범,기타형법범죄,권리행사방해,34,2,0,2,1,2,0,0,0,0
167,2015년,형법범,기타형법범죄,내란의죄,0,0,0,0,0,0,0,0,0,0
168,2015년,형법범,기타형법범죄,도주와범인은닉,32,0,0,1,0,3,0,0,0,0
169,2015년,형법범,기타형법범죄,명예,886,2,2,50,5,80,3,0,7,0
170,2015년,형법범,기타형법범죄,무고,4,0,0,1,1,1,0,0,0,1
171,2015년,형법범,기타형법범죄,비밀침해,0,0,0,0,0,0,0,0,0,0
172,2015년,형법범,기타형법범죄,신용업무경매,98,0,1,5,0,9,0,0,3,0
173,2015년,형법범,기타형법범죄,위증과증거인멸,1,0,0,0,0,0,0,0,0,0
174,2015년,형법범,기타형법범죄,유기,4,0,0,1,0,0,0,0,0,0
175,2015년,형법범,기타형법범죄,음용수에관한죄,0,0,0,0,0,0,0,0,0,0
176,2015년,형법범,기타형법범죄,일수와수리에관한죄,0,0,0,0,0,0,0,0,0,0
177,2015년,형법범,기타형법범죄,주거침입,204,1,9,22,3,31,0,0,13,0
178,2015년,형법범,기타형법범죄,기타,0,0,0,1,0,0,0,0,0,0
179,2015년,특별법범,특별법범의 계[입력치],특별법범의 계[입력치],"9,520",57,87,833,85,968,17,27,253,1
180,2015년,특별법범,개발제한구역의지정및관리에관한특별조치법,개발제한구역의지정및관리에관한특별조치법,0,0,0,0,0,0,0,0,0,0
181,2015년,특별법범,개인정보보호법,개인정보보호법,3,0,0,0,0,0,0,0,0,0
182,2015년,특별법범,건축법,건축법,0,0,0,0,0,0,0,0,0,0
183,2015년,특별법범,게임산업진흥에관한법률,게임산업진흥에관한법률,75,0,2,15,0,9,0,0,4,0
184,2015년,특별법범,경범죄처벌법,경범죄처벌법,42,0,1,6,0,4,0,0,1,0
185,2015년,특별법범,공유재산및물품관리법,공유재산및물품관리법,0,0,0,0,0,0,0,0,0,0
186,2015년,특별법범,공인중개사법,공인중개사법,0,0,0,0,0,0,0,0,0,0
187,2015년,특별법범,공중위생관리법,공중위생관리법,2,0,0,0,0,0,0,0,0,0
188,2015년,특별법범,공직선거법,공직선거법,1,0,0,0,0,0,0,0,0,0
189,2015년,특별법범,교통사고처리특례법,교통사고처리특례법,"1,819",18,12,133,13,148,7,11,38,0
190,2015년,특별법범,국민체육진흥법,국민체육진흥법,20,0,0,1,0,1,0,0,0,0
191,2015년,특별법범,국토의계획및이용에관한법률,국토의계획및이용에관한법률,0,0,0,0,0,0,0,0,0,0
192,2015년,특별법범,근로기준법,근로기준법,0,0,0,0,0,0,0,0,0,0
193,2015년,특별법범,근로자퇴직급여보장법,근로자퇴직급여보장법,0,0,0,0,0,0,0,0,0,0
194,2015년,특별법범,농수산물의원산지표시에관한법률,농수산물의원산지표시에관한법률,0,0,0,0,0,0,0,0,0,0
195,2015년,특별법범,농지법,농지법,0,0,0,0,0,0,0,0,0,0
196,2015년,특별법범,대기환경보전법,대기환경보전법,0,0,0,0,0,0,0,0,0,0
197,2015년,특별법범,대부업등의등록및금융이용자보호에관한법률,대부업등의등록및금융이용자보호에관한법률,1,0,0,0,0,0,0,0,0,0
198,2015년,특별법범,도로교통법,도로교통법,"3,833",21,46,334,37,375,6,9,102,0
199,2015년,특별법범,도로법,도로법,0,0,0,0,0,0,0,0,1,0
200,2015년,특별법범,마약류관리에관한법률,마약류관리에관한법률,38,1,0,5,0,4,0,0,0,0
201,2015년,특별법범,병역법,병역법,0,0,0,0,0,0,0,0,0,0
202,2015년,특별법범,부정경쟁방지및영업비밀보호에관한법률,부정경쟁방지및영업비밀보호에관한법률,0,0,0,0,0,0,0,0,0,0
203,2015년,특별법범,부정수표단속법,부정수표단속법,7,0,0,0,0,0,0,0,0,0
204,2015년,특별법범,사행행위등규제및처벌특례법,사행행위등규제및처벌특례법,2,0,0,0,0,0,0,0,0,0
205,2015년,특별법범,산림자원의조성및관리에관한법률,산림자원의조성및관리에관한법률,0,0,0,0,0,0,0,0,0,0
206,2015년,특별법범,산업안전보건법,산업안전보건법,0,0,0,0,0,0,0,0,0,0
207,2015년,특별법범,산지관리법,산지관리법,0,0,0,0,0,0,0,0,0,0
208,2015년,특별법범,상표법,상표법,4,0,0,0,0,0,0,0,0,0
209,2015년,특별법범,선박안전법,선박안전법,0,0,0,0,0,0,0,0,0,0
210,2015년,특별법범,선박직원법,선박직원법,0,0,0,0,0,0,0,0,0,0
211,2015년,특별법범,성매매알선등행위의처벌에관한법률,성매매알선등행위의처벌에관한법률,,,,,,,,,,
212,2015년,특별법범,수산업법,수산업법,0,0,0,0,0,0,0,0,0,0
213,2015년,특별법범,수산자원관리법,수산자원관리법,0,0,0,0,0,0,0,0,0,0
214,2015년,특별법범,물환경보전법,물환경보전법,0,0,0,0,0,0,0,0,0,0
215,2015년,특별법범,식품위생법,식품위생법,9,0,0,1,0,1,0,0,0,1
216,2015년,특별법범,아동·청소년의성보호에관한법률(성매수등),아동·청소년의성보호에관한법률(성매수등),106,0,1,18,1,14,0,1,8,0
217,2015년,특별법범,아동·청소년의성보호에관한법률(음란물등),아동·청소년의성보호에관한법률(음란물등),69,0,0,3,0,7,0,0,1,0
218,2015년,특별법범,아동복지법,아동복지법,13,0,0,3,1,2,0,0,0,0
219,2015년,특별법범,여객자동차운수사업법,여객자동차운수사업법,0,0,0,0,0,0,0,0,0,0
220,2015년,특별법범,여신전문금융업법,여신전문금융업법,105,0,2,12,0,15,0,0,4,0
221,2015년,특별법범,외국환거래법,외국환거래법,0,0,0,0,0,0,0,0,0,0
222,2015년,특별법범,의료법,의료법,5,0,0,0,0,1,0,0,0,0
223,2015년,특별법범,자동차관리법,자동차관리법,137,0,0,10,0,13,0,0,2,0
224,2015년,특별법범,자동차손해배상보장법,자동차손해배상보장법,303,2,2,24,0,32,2,1,13,0
225,2015년,특별법범,저작권법,저작권법,95,0,0,5,1,13,0,0,1,0
226,2015년,특별법범,전자금융거래법,전자금융거래법,636,3,4,55,10,60,0,1,29,0
227,2015년,특별법범,정보통신망이용촉진및정보보호등에관한법률,정보통신망이용촉진및정보보호등에관한법률,343,3,1,23,4,34,1,0,3,0
228,2015년,특별법범,조세범처벌법,조세범처벌법,0,0,0,0,0,0,0,0,0,0
229,2015년,특별법범,주민등록법,주민등록법,650,3,5,68,5,99,1,4,17,0
230,2015년,특별법범,청소년보호법,청소년보호법,577,6,2,50,3,54,0,0,8,0
231,2015년,특별법범,축산물위생관리법,축산물위생관리법,1,0,0,0,0,0,0,0,0,0
232,2015년,특별법범,출입국관리법,출입국관리법,9,0,0,0,0,0,0,0,0,0
233,2015년,특별법범,통신비밀보호법,통신비밀보호법,0,0,0,0,0,0,0,0,0,0
234,2015년,특별법범,특가법(도주차량),특가법(도주차량),139,0,4,11,1,25,0,0,5,0
235,2015년,특별법범,폐기물관리법,폐기물관리법,0,0,0,0,0,0,0,0,0,0
236,2015년,특별법범,풍속영업의규제에관한법률,풍속영업의규제에관한법률,1,0,0,0,0,0,0,0,0,0
237,2015년,특별법범,학원의설립운영및과외교습에관한법률,학원의설립운영및과외교습에관한법률,0,0,0,0,0,0,0,0,0,0
238,2015년,특별법범,예비군법,예비군법,0,0,0,0,0,0,0,0,0,0
239,2015년,특별법범,화물자동차운수사업법,화물자동차운수사업법,0,0,0,0,0,0,0,0,0,0
240,2015년,특별법범,기타특별법,기타특별법,346,0,4,43,6,48,0,0,8,0
241,2016년,계,계[입력치],계[입력치],"51,652",225,845,"5,649",663,"5,976",93,77,"1,620",3
242,2016년,형법범,형법범계[입력치],형법범계[입력치],"41,591",183,742,"4,776",586,"4,952",77,45,"1,353",3
243,2016년,형법범,재산범죄,재산범죄의 계[입력치],"23,246",114,489,"2,974",342,"2,756",51,23,888,3
244,2016년,형법범,재산범죄,배임,6,0,0,0,0,1,0,0,0,0
245,2016년,형법범,재산범죄,사기,"4,671",11,103,547,80,530,10,6,163,0
246,2016년,형법범,재산범죄,손괴,671,5,10,78,10,83,1,0,13,1
247,2016년,형법범,재산범죄,장물,452,4,1,42,3,58,0,0,9,0
248,2016년,형법범,재산범죄,절도,"16,303",88,354,"2,208",234,"1,974",39,17,668,1
249,2016년,형법범,재산범죄,횡령,"1,143",6,21,99,15,110,1,0,35,1
250,2016년,형법범,강력범죄(흉악),강력범죄(흉악)의 계[입력치],"2,448",6,42,214,40,241,3,1,60,0
251,2016년,형법범,강력범죄(흉악),강도,221,2,11,29,4,28,0,1,10,0
252,2016년,형법범,강력범죄(흉악),방화,109,0,0,6,3,9,0,0,5,0
253,2016년,형법범,강력범죄(흉악),살인,10,0,1,3,1,2,0,0,1,0
254,2016년,형법범,강력범죄(흉악),성폭력,"2,108",4,30,176,32,202,3,0,44,0
255,2016년,형법범,강력범죄(폭력),강력범죄(폭력)의 계[입력치],"12,430",55,169,"1,304",165,"1,562",19,16,327,0
256,2016년,형법범,강력범죄(폭력),공갈,"1,038",6,21,150,14,144,1,1,40,0
257,2016년,형법범,강력범죄(폭력),상해,"4,847",15,53,433,56,573,9,3,108,0
258,2016년,형법범,강력범죄(폭력),약취와 유인,7,0,0,0,0,1,0,0,1,0
259,2016년,형법범,강력범죄(폭력),체포와 감금,94,0,1,12,1,16,1,0,4,0
260,2016년,형법범,강력범죄(폭력),"폭력행위등(단체등의구성,활동)",28,0,0,1,0,4,0,0,0,0
261,2016년,형법범,강력범죄(폭력),"폭력행위등(손괴,강요,주거침입등)",291,3,7,30,5,21,0,1,5,0
262,2016년,형법범,강력범죄(폭력),폭행,"5,872",30,83,643,82,763,7,10,165,0
263,2016년,형법범,강력범죄(폭력),협박,253,1,4,35,7,40,1,1,4,0
264,2016년,형법범,위조범죄,위조범죄의 계[입력치],"1,580",2,23,136,20,188,2,3,46,0
265,2016년,형법범,위조범죄,문서,"1,552",2,23,127,20,186,2,3,45,0
266,2016년,형법범,위조범죄,유가증권인지우표,0,0,0,0,0,0,0,0,0,0
267,2016년,형법범,위조범죄,인장,5,0,0,1,0,2,0,0,0,0
268,2016년,형법범,위조범죄,통화,23,0,0,8,0,0,0,0,1,0
269,2016년,형법범,공무원범죄,공무원범죄의 계[입력치],0,0,0,0,0,0,0,0,0,0
270,2016년,형법범,공무원범죄,수뢰,0,0,0,0,0,0,0,0,0,0
271,2016년,형법범,공무원범죄,증뢰,0,0,0,0,0,0,0,0,0,0
272,2016년,형법범,공무원범죄,직권남용,0,0,0,0,0,0,0,0,0,0
273,2016년,형법범,공무원범죄,직무유기,0,0,0,0,0,0,0,0,0,0
274,2016년,형법범,풍속범죄,풍속범죄의 계[입력치],195,0,1,14,0,21,0,0,2,0
275,2016년,형법범,풍속범죄,기타음란행위,46,0,0,4,0,10,0,0,1,0
276,2016년,형법범,풍속범죄,도박과 복표,148,0,1,10,0,11,0,0,0,0
277,2016년,형법범,풍속범죄,신앙,1,0,0,0,0,0,0,0,1,0
278,2016년,형법범,과실범죄,과실범죄의 계[입력치],95,0,0,7,1,10,0,1,5,0
279,2016년,형법범,과실범죄,과실치사상,45,0,0,1,0,1,0,0,2,0
280,2016년,형법범,과실범죄,실화,46,0,0,6,1,7,0,1,3,0
281,2016년,형법범,과실범죄,업무상과실치사상,4,0,0,0,0,2,0,0,0,0
282,2016년,형법범,기타형법범죄,기타형법범죄의 계[입력치],"1,597",6,18,127,18,174,2,1,25,0
283,2016년,형법범,기타형법범죄,공무방해,275,2,3,34,2,38,0,0,6,0
284,2016년,형법범,기타형법범죄,공안을해하는죄,0,0,0,0,0,0,0,0,0,0
285,2016년,형법범,기타형법범죄,교통방해,9,0,0,0,0,1,0,0,0,0
286,2016년,형법범,기타형법범죄,권리행사방해,49,0,0,7,0,7,0,0,1,0
287,2016년,형법범,기타형법범죄,내란의죄,0,0,0,0,0,0,0,0,0,0
288,2016년,형법범,기타형법범죄,도주와범인은닉,21,2,1,1,1,8,0,0,0,0
289,2016년,형법범,기타형법범죄,명예,855,2,8,50,8,79,1,0,7,0
290,2016년,형법범,기타형법범죄,무고,12,0,1,2,0,0,0,0,1,0
291,2016년,형법범,기타형법범죄,비밀침해,0,0,0,0,0,0,0,0,0,0
292,2016년,형법범,기타형법범죄,신용업무경매,78,0,0,3,2,6,0,0,2,0
293,2016년,형법범,기타형법범죄,위증과증거인멸,0,0,0,0,0,0,0,0,0,0
294,2016년,형법범,기타형법범죄,유기,1,0,0,0,0,3,0,0,0,0
295,2016년,형법범,기타형법범죄,음용수에관한죄,0,0,0,0,0,0,0,0,0,0
296,2016년,형법범,기타형법범죄,일수와수리에관한죄,0,0,0,0,0,0,0,0,0,0
297,2016년,형법범,기타형법범죄,주거침입,297,0,5,30,5,32,1,1,8,0
298,2016년,형법범,기타형법범죄,기타,0,0,0,0,0,0,0,0,0,0
299,2016년,특별법범,특별법범의 계[입력치],특별법범의 계[입력치],"10,061",42,103,873,77,"1,024",16,32,267,0
300,2016년,특별법범,개발제한구역의지정및관리에관한특별조치법,개발제한구역의지정및관리에관한특별조치법,0,0,0,0,0,0,0,0,0,0
301,2016년,특별법범,개인정보보호법,개인정보보호법,1,0,0,0,0,0,0,0,0,0
302,2016년,특별법범,건축법,건축법,0,0,0,0,0,0,0,0,0,0
303,2016년,특별법범,게임산업진흥에관한법률,게임산업진흥에관한법률,100,0,0,5,0,6,1,0,5,0
304,2016년,특별법범,경범죄처벌법,경범죄처벌법,43,0,1,6,0,10,0,0,1,0
305,2016년,특별법범,공유재산및물품관리법,공유재산및물품관리법,0,0,0,0,0,0,0,0,0,0
306,2016년,특별법범,공인중개사법,공인중개사법,0,0,0,0,0,0,0,0,0,0
307,2016년,특별법범,공중위생관리법,공중위생관리법,1,0,0,0,0,0,0,0,0,0
308,2016년,특별법범,공직선거법,공직선거법,1,0,0,0,0,0,0,0,0,0
309,2016년,특별법범,교통사고처리특례법,교통사고처리특례법,"1,756",9,12,137,7,147,6,11,32,0
310,2016년,특별법범,국민체육진흥법,국민체육진흥법,16,0,0,4,0,5,0,0,0,0
311,2016년,특별법범,국토의계획및이용에관한법률,국토의계획및이용에관한법률,0,0,0,0,0,0,0,0,0,0
312,2016년,특별법범,근로기준법,근로기준법,0,0,0,0,0,0,0,0,0,0
313,2016년,특별법범,근로자퇴직급여보장법,근로자퇴직급여보장법,0,0,0,0,0,0,0,0,0,0
314,2016년,특별법범,농수산물의원산지표시에관한법률,농수산물의원산지표시에관한법률,0,0,0,0,0,0,0,0,0,0
315,2016년,특별법범,농지법,농지법,0,0,0,0,0,0,0,0,0,0
316,2016년,특별법범,대기환경보전법,대기환경보전법,0,0,0,0,0,0,0,0,0,0
317,2016년,특별법범,대부업등의등록및금융이용자보호에관한법률,대부업등의등록및금융이용자보호에관한법률,1,0,0,0,0,0,0,0,0,0
318,2016년,특별법범,도로교통법,도로교통법,"4,355",22,38,389,30,414,4,13,125,0
319,2016년,특별법범,도로법,도로법,0,0,0,0,0,0,0,0,0,0
320,2016년,특별법범,마약류관리에관한법률,마약류관리에관한법률,30,0,2,4,0,4,0,0,0,0
321,2016년,특별법범,병역법,병역법,1,0,1,0,0,0,0,0,0,0
322,2016년,특별법범,부정경쟁방지및영업비밀보호에관한법률,부정경쟁방지및영업비밀보호에관한법률,1,0,0,0,0,0,0,0,0,0
323,2016년,특별법범,부정수표단속법,부정수표단속법,4,0,0,0,0,0,0,0,0,0
324,2016년,특별법범,사행행위등규제및처벌특례법,사행행위등규제및처벌특례법,2,0,0,0,0,0,0,0,0,0
325,2016년,특별법범,산림자원의조성및관리에관한법률,산림자원의조성및관리에관한법률,0,0,0,0,0,0,0,0,0,0
326,2016년,특별법범,산업안전보건법,산업안전보건법,0,0,0,0,0,0,0,0,0,0
327,2016년,특별법범,산지관리법,산지관리법,0,0,0,0,0,0,0,0,0,0
328,2016년,특별법범,상표법,상표법,5,0,0,0,0,0,0,0,0,0
329,2016년,특별법범,선박안전법,선박안전법,0,0,0,0,0,0,0,0,0,0
330,2016년,특별법범,선박직원법,선박직원법,0,0,0,0,0,0,0,0,0,0
331,2016년,특별법범,성매매알선등행위의처벌에관한법률,성매매알선등행위의처벌에관한법률,194,0,7,17,5,46,0,0,7,0
332,2016년,특별법범,수산업법,수산업법,0,0,0,0,0,0,0,0,0,0
333,2016년,특별법범,수산자원관리법,수산자원관리법,0,0,0,0,0,0,0,0,0,0
334,2016년,특별법범,물환경보전법,물환경보전법,0,0,0,0,0,0,0,0,0,0
335,2016년,특별법범,식품위생법,식품위생법,7,0,0,0,0,1,0,0,1,0
336,2016년,특별법범,아동·청소년의성보호에관한법률(성매수등),아동·청소년의성보호에관한법률(성매수등),131,0,1,13,4,19,0,0,9,0
337,2016년,특별법범,아동·청소년의성보호에관한법률(음란물등),아동·청소년의성보호에관한법률(음란물등),156,0,0,7,1,6,0,0,1,0
338,2016년,특별법범,아동복지법,아동복지법,23,0,1,3,0,9,0,0,3,0
339,2016년,특별법범,여객자동차운수사업법,여객자동차운수사업법,3,0,0,0,0,0,0,0,0,0
340,2016년,특별법범,여신전문금융업법,여신전문금융업법,75,0,2,14,0,11,0,0,5,0
341,2016년,특별법범,외국환거래법,외국환거래법,0,0,0,0,0,0,0,0,0,0
342,2016년,특별법범,의료법,의료법,7,0,0,0,0,0,0,0,1,0
343,2016년,특별법범,자동차관리법,자동차관리법,148,4,1,15,2,24,2,1,1,0
344,2016년,특별법범,자동차손해배상보장법,자동차손해배상보장법,388,0,3,45,1,43,1,1,14,0
345,2016년,특별법범,저작권법,저작권법,59,1,0,3,0,4,1,0,1,0
346,2016년,특별법범,전자금융거래법,전자금융거래법,291,0,1,23,2,24,0,0,10,0
347,2016년,특별법범,정보통신망이용촉진및정보보호등에관한법률,정보통신망이용촉진및정보보호등에관한법률,423,2,2,39,2,36,0,0,10,0
348,2016년,특별법범,조세범처벌법,조세범처벌법,0,0,0,0,0,0,0,0,0,0
349,2016년,특별법범,주민등록법,주민등록법,679,2,12,58,13,93,1,1,19,0
350,2016년,특별법범,청소년보호법,청소년보호법,626,1,8,38,2,55,0,2,9,0
351,2016년,특별법범,축산물위생관리법,축산물위생관리법,0,0,0,0,0,0,0,0,0,0
352,2016년,특별법범,출입국관리법,출입국관리법,2,0,0,0,0,0,0,0,0,0
353,2016년,특별법범,통신비밀보호법,통신비밀보호법,1,0,0,0,0,0,0,0,0,0
354,2016년,특별법범,특가법(도주차량),특가법(도주차량),108,0,2,11,0,14,0,1,2,0
355,2016년,특별법범,폐기물관리법,폐기물관리법,0,0,0,0,0,0,0,0,0,0
356,2016년,특별법범,풍속영업의규제에관한법률,풍속영업의규제에관한법률,0,0,0,0,0,0,0,0,0,0
357,2016년,특별법범,학원의설립운영및과외교습에관한법률,학원의설립운영및과외교습에관한법률,0,0,0,0,0,0,0,0,0,0
358,2016년,특별법범,예비군법,예비군법,0,0,0,0,0,0,0,0,0,0
359,2016년,특별법범,화물자동차운수사업법,화물자동차운수사업법,0,0,0,0,0,0,0,0,0,0
360,2016년,특별법범,기타특별법,기타특별법,423,1,9,42,8,53,0,2,11,0
361,2017년,계,계[입력치],계[입력치],"49,891",221,715,"5,003",607,"5,554",65,70,"1,367",168
362,2017년,형법범,형법범계[입력치],형법범계[입력치],"39,861",161,635,"4,155",512,"4,497",54,47,"1,177",133
363,2017년,형법범,재산범죄,재산범죄의 계[입력치],"20,861",78,417,"2,373",298,"2,338",32,24,703,83
364,2017년,형법범,재산범죄,배임,0,0,0,0,0,0,0,0,0,0
365,2017년,형법범,재산범죄,사기,"3,930",11,86,466,53,459,7,5,156,15
366,2017년,형법범,재산범죄,손괴,647,6,15,64,7,78,0,0,22,5
367,2017년,형법범,재산범죄,장물,341,0,3,30,4,33,0,0,8,3
368,2017년,형법범,재산범죄,절도,"14,874",57,303,"1,719",225,"1,649",23,18,493,56
369,2017년,형법범,재산범죄,횡령,"1,069",4,10,94,9,119,2,1,24,4
370,2017년,형법범,강력범죄(흉악),강력범죄(흉악)의 계[입력치],"2,522",12,30,200,30,257,1,0,68,7
371,2017년,형법범,강력범죄(흉악),강도,177,2,7,15,2,23,0,0,6,0
372,2017년,형법범,강력범죄(흉악),방화,97,1,1,3,2,10,0,0,2,0
373,2017년,형법범,강력범죄(흉악),살인,12,0,0,0,1,3,0,0,0,0
374,2017년,형법범,강력범죄(흉악),성폭력,"2,236",9,22,182,25,221,1,0,60,7
375,2017년,형법범,강력범죄(폭력),강력범죄(폭력)의 계[입력치],"13,427",56,148,"1,342",156,"1,624",18,22,344,29
376,2017년,형법범,강력범죄(폭력),공갈,"1,113",5,11,155,19,124,1,2,37,0
377,2017년,형법범,강력범죄(폭력),상해,"4,930",23,45,463,49,587,7,6,95,17
378,2017년,형법범,강력범죄(폭력),약취와 유인,17,0,0,2,0,2,0,0,1,0
379,2017년,형법범,강력범죄(폭력),체포와 감금,148,0,4,22,3,17,0,0,8,0
380,2017년,형법범,강력범죄(폭력),"폭력행위등(단체등의구성,활동)",38,0,0,1,1,3,0,0,1,0
381,2017년,형법범,강력범죄(폭력),"폭력행위등(손괴,강요,주거침입등)",355,1,4,38,2,37,2,3,8,0
382,2017년,형법범,강력범죄(폭력),폭행,"6,488",22,80,632,80,802,8,9,185,12
383,2017년,형법범,강력범죄(폭력),협박,338,5,4,29,2,52,0,2,9,0
384,2017년,형법범,위조범죄,위조범죄의 계[입력치],"1,368",9,10,103,18,128,2,0,23,7
385,2017년,형법범,위조범죄,문서,"1,347",9,10,98,16,126,2,0,20,7
386,2017년,형법범,위조범죄,유가증권인지우표,1,0,0,2,0,0,0,0,0,0
387,2017년,형법범,위조범죄,인장,7,0,0,2,1,0,0,0,2,0
388,2017년,형법범,위조범죄,통화,13,0,0,1,1,2,0,0,1,0
389,2017년,형법범,공무원범죄,공무원범죄의 계[입력치],0,0,0,0,0,0,0,0,0,0
390,2017년,형법범,공무원범죄,수뢰,0,0,0,0,0,0,0,0,0,0
391,2017년,형법범,공무원범죄,증뢰,0,0,0,0,0,0,0,0,0,0
392,2017년,형법범,공무원범죄,직권남용,0,0,0,0,0,0,0,0,0,0
393,2017년,형법범,공무원범죄,직무유기,0,0,0,0,0,0,0,0,0,0
394,2017년,형법범,풍속범죄,풍속범죄의 계[입력치],129,1,4,5,0,6,0,0,1,0
395,2017년,형법범,풍속범죄,기타음란행위,59,0,1,3,0,3,0,0,1,0
396,2017년,형법범,풍속범죄,도박과 복표,70,1,3,2,0,3,0,0,0,0
397,2017년,형법범,풍속범죄,신앙,0,0,0,0,0,0,0,0,0,0
398,2017년,형법범,과실범죄,과실범죄의 계[입력치],107,0,1,5,2,5,0,0,1,0
399,2017년,형법범,과실범죄,과실치사상,37,0,1,2,0,3,0,0,0,0
400,2017년,형법범,과실범죄,실화,63,0,0,2,2,2,0,0,1,0
401,2017년,형법범,과실범죄,업무상과실치사상,7,0,0,1,0,0,0,0,0,0
402,2017년,형법범,기타형법범죄,기타형법범죄의 계[입력치],"1,447",5,25,127,8,139,1,1,37,7
403,2017년,형법범,기타형법범죄,공무방해,175,2,7,30,1,21,0,0,10,0
404,2017년,형법범,기타형법범죄,공안을해하는죄,5,0,0,0,0,1,0,0,0,0
405,2017년,형법범,기타형법범죄,교통방해,0,0,0,0,0,0,0,0,0,0
406,2017년,형법범,기타형법범죄,권리행사방해,75,0,1,4,1,7,0,0,2,1
407,2017년,형법범,기타형법범죄,내란의죄,0,0,0,0,0,0,0,0,0,0
408,2017년,형법범,기타형법범죄,도주와범인은닉,28,0,0,0,0,0,0,0,1,0
409,2017년,형법범,기타형법범죄,명예,756,2,7,52,1,66,0,0,11,4
410,2017년,형법범,기타형법범죄,무고,13,0,0,1,0,1,0,0,0,0
411,2017년,형법범,기타형법범죄,비밀침해,1,0,0,0,0,0,0,0,0,0
412,2017년,형법범,기타형법범죄,신용업무경매,84,1,2,10,0,11,0,0,2,2
413,2017년,형법범,기타형법범죄,위증과증거인멸,4,0,0,0,0,0,0,0,0,0
414,2017년,형법범,기타형법범죄,유기,5,0,0,1,0,0,0,0,0,0
415,2017년,형법범,기타형법범죄,음용수에관한죄,0,0,0,0,0,0,0,0,0,0
416,2017년,형법범,기타형법범죄,일수와수리에관한죄,0,0,0,0,0,0,0,0,0,0
417,2017년,형법범,기타형법범죄,주거침입,299,0,8,29,5,32,1,1,11,0
418,2017년,형법범,기타형법범죄,기타,2,0,0,0,0,0,0,0,0,0
419,2017년,특별법범,특별법범의 계[입력치],특별법범의 계[입력치],"10,030",60,80,848,95,"1,057",11,23,190,35
420,2017년,특별법범,개발제한구역의지정및관리에관한특별조치법,개발제한구역의지정및관리에관한특별조치법,0,0,0,0,0,0,0,0,0,0
421,2017년,특별법범,개인정보보호법,개인정보보호법,6,0,0,2,0,1,0,0,0,0
422,2017년,특별법범,건축법,건축법,0,0,0,0,0,0,0,0,0,0
423,2017년,특별법범,게임산업진흥에관한법률,게임산업진흥에관한법률,61,0,4,4,1,4,0,0,2,0
424,2017년,특별법범,경범죄처벌법,경범죄처벌법,45,0,0,3,1,9,0,0,2,1
425,2017년,특별법범,공유재산및물품관리법,공유재산및물품관리법,0,0,0,0,0,0,0,0,0,0
426,2017년,특별법범,공인중개사법,공인중개사법,0,0,0,0,0,0,0,0,0,0
427,2017년,특별법범,공중위생관리법,공중위생관리법,2,0,0,1,0,0,0,0,0,0
428,2017년,특별법범,공직선거법,공직선거법,9,0,0,1,0,0,0,0,0,0
429,2017년,특별법범,교통사고처리특례법,교통사고처리특례법,"1,676",7,4,126,13,168,3,4,23,6
430,2017년,특별법범,국민체육진흥법,국민체육진흥법,6,0,0,0,0,0,0,0,0,0
431,2017년,특별법범,국토의계획및이용에관한법률,국토의계획및이용에관한법률,0,0,0,0,0,0,0,0,0,0
432,2017년,특별법범,근로기준법,근로기준법,1,0,0,0,0,0,0,0,0,0
433,2017년,특별법범,근로자퇴직급여보장법,근로자퇴직급여보장법,0,0,0,0,0,0,0,0,0,0
434,2017년,특별법범,농수산물의원산지표시에관한법률,농수산물의원산지표시에관한법률,0,0,0,1,0,0,0,0,0,0
435,2017년,특별법범,농지법,농지법,0,0,0,0,0,0,0,0,0,0
436,2017년,특별법범,대기환경보전법,대기환경보전법,0,0,0,0,0,0,0,0,0,0
437,2017년,특별법범,대부업등의등록및금융이용자보호에관한법률,대부업등의등록및금융이용자보호에관한법률,6,0,0,0,0,0,0,0,0,0
438,2017년,특별법범,도로교통법,도로교통법,"4,676",27,38,375,38,429,6,10,89,14
439,2017년,특별법범,도로법,도로법,3,0,0,0,0,0,0,0,0,0
440,2017년,특별법범,마약류관리에관한법률,마약류관리에관한법률,30,0,0,1,0,6,0,0,0,0
441,2017년,특별법범,병역법,병역법,0,0,0,0,0,0,0,0,0,0
442,2017년,특별법범,부정경쟁방지및영업비밀보호에관한법률,부정경쟁방지및영업비밀보호에관한법률,0,0,0,0,0,0,0,0,0,0
443,2017년,특별법범,부정수표단속법,부정수표단속법,0,0,0,0,0,0,0,0,0,0
444,2017년,특별법범,사행행위등규제및처벌특례법,사행행위등규제및처벌특례법,1,0,0,0,0,0,0,0,0,0
445,2017년,특별법범,산림자원의조성및관리에관한법률,산림자원의조성및관리에관한법률,0,0,0,0,0,0,0,0,0,0
446,2017년,특별법범,산업안전보건법,산업안전보건법,0,0,0,0,0,0,0,0,0,0
447,2017년,특별법범,산지관리법,산지관리법,0,0,0,0,0,0,0,0,0,0
448,2017년,특별법범,상표법,상표법,4,0,1,0,0,0,0,0,0,0
449,2017년,특별법범,선박안전법,선박안전법,0,0,0,0,0,0,0,0,0,0
450,2017년,특별법범,선박직원법,선박직원법,0,0,0,0,0,0,0,0,0,0
451,2017년,특별법범,성매매알선등행위의처벌에관한법률,성매매알선등행위의처벌에관한법률,159,2,2,26,5,26,0,0,6,0
452,2017년,특별법범,수산업법,수산업법,0,0,0,0,0,0,0,0,0,0
453,2017년,특별법범,수산자원관리법,수산자원관리법,0,0,0,0,0,0,0,0,0,0
454,2017년,특별법범,물환경보전법,물환경보전법,0,0,0,1,0,0,0,0,0,0
455,2017년,특별법범,식품위생법,식품위생법,9,0,0,0,1,0,0,0,0,0
456,2017년,특별법범,아동·청소년의성보호에관한법률(성매수등),아동·청소년의성보호에관한법률(성매수등),139,1,5,36,6,43,0,1,5,0
457,2017년,특별법범,아동·청소년의성보호에관한법률(음란물등),아동·청소년의성보호에관한법률(음란물등),81,1,0,2,0,18,0,0,1,0
458,2017년,특별법범,아동복지법,아동복지법,25,0,1,5,2,6,0,0,3,1
459,2017년,특별법범,여객자동차운수사업법,여객자동차운수사업법,1,0,0,0,0,0,0,0,0,0
460,2017년,특별법범,여신전문금융업법,여신전문금융업법,65,1,3,11,1,12,0,0,0,0
461,2017년,특별법범,외국환거래법,외국환거래법,0,0,0,0,0,0,0,0,0,0
462,2017년,특별법범,의료법,의료법,10,0,0,1,0,1,0,0,0,0
463,2017년,특별법범,자동차관리법,자동차관리법,182,1,2,21,1,20,0,1,4,0
464,2017년,특별법범,자동차손해배상보장법,자동차손해배상보장법,431,5,1,34,3,46,0,0,7,1
465,2017년,특별법범,저작권법,저작권법,46,1,1,2,1,0,0,0,0,0
466,2017년,특별법범,전자금융거래법,전자금융거래법,182,0,1,18,1,15,0,1,6,1
467,2017년,특별법범,정보통신망이용촉진및정보보호등에관한법률,정보통신망이용촉진및정보보호등에관한법률,413,0,5,36,1,32,0,1,11,0
468,2017년,특별법범,조세범처벌법,조세범처벌법,0,0,0,0,0,0,0,0,0,0
469,2017년,특별법범,주민등록법,주민등록법,646,1,4,50,6,88,0,3,11,4
470,2017년,특별법범,청소년보호법,청소년보호법,663,7,5,36,5,55,1,1,10,5
471,2017년,특별법범,축산물위생관리법,축산물위생관리법,0,0,0,0,0,0,0,0,0,0
472,2017년,특별법범,출입국관리법,출입국관리법,3,0,0,1,1,2,0,1,0,1
473,2017년,특별법범,통신비밀보호법,통신비밀보호법,0,0,0,0,0,0,0,0,0,0
474,2017년,특별법범,특가법(도주차량),특가법(도주차량),84,1,1,8,2,17,1,0,1,0
475,2017년,특별법범,폐기물관리법,폐기물관리법,0,0,0,0,0,0,0,0,0,0
476,2017년,특별법범,풍속영업의규제에관한법률,풍속영업의규제에관한법률,1,0,0,0,0,0,0,0,0,0
477,2017년,특별법범,학원의설립운영및과외교습에관한법률,학원의설립운영및과외교습에관한법률,1,0,0,0,0,0,0,0,0,0
478,2017년,특별법범,예비군법,예비군법,0,0,0,0,0,0,0,0,0,0
479,2017년,특별법범,화물자동차운수사업법,화물자동차운수사업법,0,0,0,0,0,0,0,0,0,0
480,2017년,특별법범,기타특별법,기타특별법,363,5,2,46,6,59,0,0,9,1
481,2018년,계,계[입력치],계[입력치],"49,896",163,445,"3,329",377,"3,692",46,41,"1,001",8
482,2018년,형법범,형법범계[입력치],형법범계[입력치],"40,903",122,381,"2,795",320,"3,054",30,27,860,8
483,2018년,형법범,재산범죄,재산범죄의 계[입력치],"20,533",60,250,"1,688",172,"1,571",23,11,558,5
484,2018년,형법범,재산범죄,배임,0,0,0,0,0,0,0,0,0,0
485,2018년,형법범,재산범죄,사기,"4,744",17,73,520,48,423,7,4,164,1
486,2018년,형법범,재산범죄,손괴,710,1,6,43,8,53,0,0,16,0
487,2018년,형법범,재산범죄,장물,245,0,1,13,1,16,0,0,3,0
488,2018년,형법범,재산범죄,절도,"13,692",35,163,"1,041",111,"1,005",14,7,359,4
489,2018년,형법범,재산범죄,횡령,"1,142",7,7,71,4,74,2,0,16,0
490,2018년,형법범,강력범죄(흉악),강력범죄(흉악)의 계[입력치],"2,745",3,16,156,23,166,1,0,47,2
491,2018년,형법범,강력범죄(흉악),강도,165,2,0,18,5,12,1,0,5,0
492,2018년,형법범,강력범죄(흉악),방화,85,0,1,8,1,6,0,0,6,0
493,2018년,형법범,강력범죄(흉악),살인,7,0,0,1,0,1,0,0,0,0
494,2018년,형법범,강력범죄(흉악),성폭력,"2,488",1,15,129,17,147,0,0,36,2
495,2018년,형법범,강력범죄(폭력),강력범죄(폭력)의 계[입력치],"14,503",40,97,788,92,"1,092",5,12,214,1
496,2018년,형법범,강력범죄(폭력),공갈,"1,449",2,14,87,6,97,1,3,20,0
497,2018년,형법범,강력범죄(폭력),상해,"4,543",19,33,235,27,342,0,0,43,0
498,2018년,형법범,강력범죄(폭력),약취와 유인,9,0,0,0,1,0,0,0,2,0
499,2018년,형법범,강력범죄(폭력),체포와 감금,204,0,1,14,0,16,0,0,4,0
500,2018년,형법범,강력범죄(폭력),"폭력행위등(단체등의구성,활동)",40,0,0,2,0,3,0,0,0,0
501,2018년,형법범,강력범죄(폭력),"폭력행위등(손괴,강요,주거침입등)",413,0,2,20,1,32,1,0,9,0
502,2018년,형법범,강력범죄(폭력),폭행,"7,367",18,42,399,52,560,2,9,127,1
503,2018년,형법범,강력범죄(폭력),협박,478,1,5,31,5,42,1,0,9,0
504,2018년,형법범,위조범죄,위조범죄의 계[입력치],"1,228",10,3,52,12,112,0,1,11,0
505,2018년,형법범,위조범죄,문서,"1,200",10,3,51,12,111,0,1,10,0
506,2018년,형법범,위조범죄,유가증권인지우표,11,0,0,1,0,0,0,0,0,0
507,2018년,형법범,위조범죄,인장,6,0,0,0,0,0,0,0,1,0
508,2018년,형법범,위조범죄,통화,11,0,0,0,0,1,0,0,0,0
509,2018년,형법범,공무원범죄,공무원범죄의 계[입력치],0,0,0,0,0,0,0,0,0,0
510,2018년,형법범,공무원범죄,수뢰,0,0,0,0,0,0,0,0,0,0
511,2018년,형법범,공무원범죄,증뢰,0,0,0,0,0,0,0,0,0,0
512,2018년,형법범,공무원범죄,직권남용,0,0,0,0,0,0,0,0,0,0
513,2018년,형법범,공무원범죄,직무유기,0,0,0,0,0,0,0,0,0,0
514,2018년,형법범,풍속범죄,풍속범죄의 계[입력치],139,0,0,6,1,9,0,0,4,0
515,2018년,형법범,풍속범죄,기타음란행위,82,0,0,3,1,3,0,0,2,0
516,2018년,형법범,풍속범죄,도박과 복표,57,0,0,2,0,6,0,0,2,0
517,2018년,형법범,풍속범죄,신앙,0,0,0,1,0,0,0,0,0,0
518,2018년,형법범,과실범죄,과실범죄의 계[입력치],114,0,1,5,2,7,0,0,3,0
519,2018년,형법범,과실범죄,과실치사상,45,0,0,2,0,3,0,0,2,0
520,2018년,형법범,과실범죄,실화,64,0,1,3,1,4,0,0,1,0
521,2018년,형법범,과실범죄,업무상과실치사상,5,0,0,0,1,0,0,0,0,0
522,2018년,형법범,기타형법범죄,기타형법범죄의 계[입력치],"1,641",9,14,100,18,97,1,3,23,0
523,2018년,형법범,기타형법범죄,공무방해,152,8,4,19,1,16,0,1,6,0
524,2018년,형법범,기타형법범죄,공안을해하는죄,2,0,0,0,0,0,0,0,0,0
525,2018년,형법범,기타형법범죄,교통방해,4,0,0,0,0,0,0,0,0,0
526,2018년,형법범,기타형법범죄,권리행사방해,95,1,0,1,0,6,0,0,2,0
527,2018년,형법범,기타형법범죄,내란의죄,0,0,0,0,0,0,0,0,0,0
528,2018년,형법범,기타형법범죄,도주와범인은닉,20,0,0,1,1,2,0,1,0,0
529,2018년,형법범,기타형법범죄,명예,796,0,4,38,7,47,1,0,10,0
530,2018년,형법범,기타형법범죄,무고,16,0,0,1,0,3,0,0,0,0
531,2018년,형법범,기타형법범죄,비밀침해,0,0,0,0,0,0,0,0,0,0
532,2018년,형법범,기타형법범죄,신용업무경매,146,0,1,6,1,7,0,1,2,0
533,2018년,형법범,기타형법범죄,위증과증거인멸,1,0,0,0,0,0,0,0,0,0
534,2018년,형법범,기타형법범죄,유기,2,0,0,0,0,0,0,0,0,0
535,2018년,형법범,기타형법범죄,음용수에관한죄,0,0,0,0,0,0,0,0,0,0
536,2018년,형법범,기타형법범죄,일수와수리에관한죄,0,0,0,0,0,0,0,0,0,0
537,2018년,형법범,기타형법범죄,주거침입,406,0,5,33,8,16,0,0,3,0
538,2018년,형법범,기타형법범죄,기타,1,0,0,1,0,0,0,0,0,0
539,2018년,특별법범,특별법범의 계[입력치],특별법범의 계[입력치],"8,993",41,64,534,57,638,16,14,141,0
540,2018년,특별법범,개발제한구역의지정및관리에관한특별조치법,개발제한구역의지정및관리에관한특별조치법,0,0,0,0,0,0,0,0,0,0
541,2018년,특별법범,개인정보보호법,개인정보보호법,1,0,0,0,0,0,0,0,0,0
542,2018년,특별법범,건축법,건축법,0,0,0,0,0,0,0,0,0,0
543,2018년,특별법범,게임산업진흥에관한법률,게임산업진흥에관한법률,69,0,1,3,1,5,0,0,1,0
544,2018년,특별법범,경범죄처벌법,경범죄처벌법,50,0,0,5,0,7,0,0,2,0
545,2018년,특별법범,공유재산및물품관리법,공유재산및물품관리법,0,0,0,0,0,0,0,0,0,0
546,2018년,특별법범,공인중개사법,공인중개사법,0,0,0,0,0,0,0,0,0,0
547,2018년,특별법범,공중위생관리법,공중위생관리법,2,0,0,0,0,1,0,0,0,0
548,2018년,특별법범,공직선거법,공직선거법,9,0,0,0,0,0,0,0,0,0
549,2018년,특별법범,교통사고처리특례법,교통사고처리특례법,"1,679",11,6,75,3,106,0,3,18,0
550,2018년,특별법범,국민체육진흥법,국민체육진흥법,5,0,0,0,0,0,0,0,1,0
551,2018년,특별법범,국토의계획및이용에관한법률,국토의계획및이용에관한법률,0,0,0,0,0,0,0,0,0,0
552,2018년,특별법범,근로기준법,근로기준법,0,0,0,0,0,0,0,0,0,0
553,2018년,특별법범,근로자퇴직급여보장법,근로자퇴직급여보장법,0,0,0,0,0,0,0,0,0,0
554,2018년,특별법범,농수산물의원산지표시에관한법률,농수산물의원산지표시에관한법률,0,0,0,0,0,0,0,0,0,0
555,2018년,특별법범,농지법,농지법,0,0,0,0,0,0,0,0,0,0
556,2018년,특별법범,대기환경보전법,대기환경보전법,0,0,0,0,0,0,0,0,0,0
557,2018년,특별법범,대부업등의등록및금융이용자보호에관한법률,대부업등의등록및금융이용자보호에관한법률,12,0,0,0,0,1,0,0,0,0
558,2018년,특별법범,도로교통법,도로교통법,"3,769",25,28,240,29,251,11,9,69,0
559,2018년,특별법범,도로법,도로법,0,0,0,0,0,0,0,0,0,0
560,2018년,특별법범,마약류관리에관한법률,마약류관리에관한법률,43,0,0,2,1,7,0,0,0,0
561,2018년,특별법범,병역법,병역법,0,0,0,0,0,0,0,0,0,0
562,2018년,특별법범,부정경쟁방지및영업비밀보호에관한법률,부정경쟁방지및영업비밀보호에관한법률,0,0,0,0,0,0,0,0,0,0
563,2018년,특별법범,부정수표단속법,부정수표단속법,6,0,0,1,0,0,0,0,0,0
564,2018년,특별법범,사행행위등규제및처벌특례법,사행행위등규제및처벌특례법,0,0,0,0,0,0,0,0,0,0
565,2018년,특별법범,산림자원의조성및관리에관한법률,산림자원의조성및관리에관한법률,0,0,0,0,0,0,0,0,0,0
566,2018년,특별법범,산업안전보건법,산업안전보건법,0,0,0,0,0,0,0,0,0,0
567,2018년,특별법범,산지관리법,산지관리법,0,0,0,0,0,0,0,0,0,0
568,2018년,특별법범,상표법,상표법,5,0,0,0,0,0,0,0,0,0
569,2018년,특별법범,선박안전법,선박안전법,0,0,0,0,0,0,0,0,0,0
570,2018년,특별법범,선박직원법,선박직원법,0,0,0,0,0,0,0,0,0,0
571,2018년,특별법범,성매매알선등행위의처벌에관한법률,성매매알선등행위의처벌에관한법률,114,0,6,17,0,13,0,0,0,0
572,2018년,특별법범,수산업법,수산업법,0,0,0,0,0,0,0,0,0,0
573,2018년,특별법범,수산자원관리법,수산자원관리법,0,0,0,0,0,0,0,0,0,0
574,2018년,특별법범,물환경보전법,물환경보전법,0,0,0,0,0,0,0,0,0,0
575,2018년,특별법범,식품위생법,식품위생법,1,0,0,0,0,0,0,0,0,0
576,2018년,특별법범,아동·청소년의성보호에관한법률(성매수등),아동·청소년의성보호에관한법률(성매수등),149,0,4,11,2,12,2,0,8,0
577,2018년,특별법범,아동·청소년의성보호에관한법률(음란물등),아동·청소년의성보호에관한법률(음란물등),107,0,0,4,0,9,0,0,1,0
578,2018년,특별법범,아동복지법,아동복지법,55,0,2,1,1,1,0,0,3,0
579,2018년,특별법범,여객자동차운수사업법,여객자동차운수사업법,2,0,0,0,0,0,0,0,0,0
580,2018년,특별법범,여신전문금융업법,여신전문금융업법,59,0,0,7,2,9,0,0,1,0
581,2018년,특별법범,외국환거래법,외국환거래법,0,0,0,0,0,0,0,0,0,0
582,2018년,특별법범,의료법,의료법,7,0,0,0,0,0,0,0,0,0
583,2018년,특별법범,자동차관리법,자동차관리법,175,1,0,10,0,15,0,1,5,0
584,2018년,특별법범,자동차손해배상보장법,자동차손해배상보장법,269,1,0,18,3,18,1,1,4,0
585,2018년,특별법범,저작권법,저작권법,10,0,0,1,0,0,0,0,0,0
586,2018년,특별법범,전자금융거래법,전자금융거래법,186,0,4,9,1,17,1,0,6,0
587,2018년,특별법범,정보통신망이용촉진및정보보호등에관한법률,정보통신망이용촉진및정보보호등에관한법률,438,0,1,27,3,27,0,0,0,0
588,2018년,특별법범,조세범처벌법,조세범처벌법,0,0,0,0,0,0,0,0,0,0
589,2018년,특별법범,주민등록법,주민등록법,790,0,5,43,1,66,0,0,9,0
590,2018년,특별법범,청소년보호법,청소년보호법,606,2,3,28,6,40,0,0,7,0
591,2018년,특별법범,축산물위생관리법,축산물위생관리법,0,0,0,0,0,0,0,0,0,0
592,2018년,특별법범,출입국관리법,출입국관리법,4,0,0,0,0,0,0,0,0,0
593,2018년,특별법범,통신비밀보호법,통신비밀보호법,0,0,0,0,0,0,0,0,0,0
594,2018년,특별법범,특가법(도주차량),특가법(도주차량),43,0,3,5,0,2,0,0,1,0
595,2018년,특별법범,폐기물관리법,폐기물관리법,0,0,0,0,0,0,0,0,0,0
596,2018년,특별법범,풍속영업의규제에관한법률,풍속영업의규제에관한법률,0,0,0,0,0,0,0,0,0,0
597,2018년,특별법범,학원의설립운영및과외교습에관한법률,학원의설립운영및과외교습에관한법률,0,0,0,0,0,0,0,0,0,0
598,2018년,특별법범,예비군법,예비군법,0,0,0,0,0,0,0,0,0,0
599,2018년,특별법범,화물자동차운수사업법,화물자동차운수사업법,0,0,0,0,0,0,0,0,0,0
600,2018년,특별법범,기타특별법,기타특별법,328,1,1,27,4,31,1,0,5,0
601,2019년,계,계[입력치],계[입력치],"51,197",115,369,"2,979",344,"3,506",39,35,802,2
602,2019년,형법범,형법범계[입력치],형법범계[입력치],"42,125",86,318,"2,496",294,"2,895",32,20,672,2
603,2019년,형법범,재산범죄,재산범죄의 계[입력치],"22,081",49,189,"1,520",162,"1,619",16,12,400,0
604,2019년,형법범,재산범죄,배임,0,0,0,0,0,0,0,0,0,0
605,2019년,형법범,재산범죄,사기,"5,765",6,49,506,42,518,5,3,125,0
606,2019년,형법범,재산범죄,손괴,861,3,7,59,2,64,2,0,12,0
607,2019년,형법범,재산범죄,장물,149,0,0,4,0,11,0,1,0,0
608,2019년,형법범,재산범죄,절도,"14,271",36,127,902,113,949,9,8,247,0
609,2019년,형법범,재산범죄,횡령,"1,035",4,6,49,5,77,0,0,16,0
610,2019년,형법범,강력범죄(흉악),강력범죄(흉악)의 계[입력치],"2,933",3,21,133,24,166,1,2,39,0
611,2019년,형법범,강력범죄(흉악),강도,296,0,2,19,5,24,0,0,10,0
612,2019년,형법범,강력범죄(흉악),방화,87,0,0,4,0,2,0,0,0,0
613,2019년,형법범,강력범죄(흉악),살인,17,0,0,2,0,0,0,0,0,0
614,2019년,형법범,강력범죄(흉악),성폭력,"2,533",3,19,108,19,140,1,2,29,0
615,2019년,형법범,강력범죄(폭력),강력범죄(폭력)의 계[입력치],"13,963",26,92,694,89,934,11,4,197,1
616,2019년,형법범,강력범죄(폭력),공갈,"1,418",1,17,86,9,94,0,0,21,0
617,2019년,형법범,강력범죄(폭력),상해,"4,168",8,21,194,30,291,2,1,66,1
618,2019년,형법범,강력범죄(폭력),약취와 유인,12,0,0,1,0,1,0,0,1,0
619,2019년,형법범,강력범죄(폭력),체포와 감금,190,1,0,10,1,20,1,0,2,0
620,2019년,형법범,강력범죄(폭력),"폭력행위등(단체등의구성,활동)",64,0,0,0,1,0,0,0,0,0
621,2019년,형법범,강력범죄(폭력),"폭력행위등(손괴,강요,주거침입등)",455,1,1,23,0,27,0,0,4,0
622,2019년,형법범,강력범죄(폭력),폭행,"7,065",14,49,346,44,452,8,3,96,0
623,2019년,형법범,강력범죄(폭력),협박,591,1,4,34,4,49,0,0,7,0
624,2019년,형법범,위조범죄,위조범죄의 계[입력치],"1,105",3,8,57,5,81,1,0,18,0
625,2019년,형법범,위조범죄,문서,"1,079",3,8,54,5,79,1,0,17,0
626,2019년,형법범,위조범죄,유가증권인지우표,1,0,0,0,0,1,0,0,0,0
627,2019년,형법범,위조범죄,인장,11,0,0,0,0,1,0,0,1,0
628,2019년,형법범,위조범죄,통화,14,0,0,3,0,0,0,0,0,0
629,2019년,형법범,공무원범죄,공무원범죄의 계[입력치],0,0,0,0,0,0,0,0,0,0
630,2019년,형법범,공무원범죄,수뢰,0,0,0,0,0,0,0,0,0,0
631,2019년,형법범,공무원범죄,증뢰,0,0,0,0,0,0,0,0,0,0
632,2019년,형법범,공무원범죄,직권남용,0,0,0,0,0,0,0,0,0,0
633,2019년,형법범,공무원범죄,직무유기,0,0,0,0,0,0,0,0,0,0
634,2019년,형법범,풍속범죄,풍속범죄의 계[입력치],156,1,2,11,1,8,0,0,1,0
635,2019년,형법범,풍속범죄,기타음란행위,95,1,1,6,1,5,0,0,0,0
636,2019년,형법범,풍속범죄,도박과 복표,61,0,1,5,0,3,0,0,1,0
637,2019년,형법범,풍속범죄,신앙,0,0,0,0,0,0,0,0,0,0
638,2019년,형법범,과실범죄,과실범죄의 계[입력치],98,0,0,6,0,6,0,0,0,0
639,2019년,형법범,과실범죄,과실치사상,38,0,0,1,0,3,0,0,0,0
640,2019년,형법범,과실범죄,실화,56,0,0,5,0,3,0,0,0,0
641,2019년,형법범,과실범죄,업무상과실치사상,4,0,0,0,0,0,0,0,0,0
642,2019년,형법범,기타형법범죄,기타형법범죄의 계[입력치],"1,789",4,6,75,13,81,3,2,17,1
643,2019년,형법범,기타형법범죄,공무방해,153,1,2,12,3,10,0,0,2,0
644,2019년,형법범,기타형법범죄,공안을해하는죄,0,0,0,0,0,0,0,0,0,0
645,2019년,형법범,기타형법범죄,교통방해,0,0,0,0,0,0,0,0,0,0
646,2019년,형법범,기타형법범죄,권리행사방해,118,0,1,4,1,4,0,0,0,0
647,2019년,형법범,기타형법범죄,내란의죄,0,0,0,0,0,0,0,0,0,0
648,2019년,형법범,기타형법범죄,도주와범인은닉,20,0,1,1,0,1,0,0,0,1
649,2019년,형법범,기타형법범죄,명예,768,1,1,33,4,30,1,1,4,0
650,2019년,형법범,기타형법범죄,무고,18,0,0,3,1,0,0,0,0,0
651,2019년,형법범,기타형법범죄,비밀침해,0,0,0,0,0,0,0,0,0,0
652,2019년,형법범,기타형법범죄,신용업무경매,155,1,0,5,1,9,1,0,3,0
653,2019년,형법범,기타형법범죄,위증과증거인멸,2,0,0,0,0,1,0,0,0,0
654,2019년,형법범,기타형법범죄,유기,0,0,0,0,0,0,0,0,0,0
655,2019년,형법범,기타형법범죄,음용수에관한죄,0,0,0,0,0,0,0,0,0,0
656,2019년,형법범,기타형법범죄,일수와수리에관한죄,0,0,0,0,0,0,0,0,0,0
657,2019년,형법범,기타형법범죄,주거침입,555,1,1,17,3,26,1,1,8,0
658,2019년,형법범,기타형법범죄,기타,0,0,0,0,0,0,0,0,0,0
659,2019년,특별법범,특별법범의 계[입력치],특별법범의 계[입력치],"9,072",29,51,483,50,611,7,15,130,0
660,2019년,특별법범,개발제한구역의지정및관리에관한특별조치법,개발제한구역의지정및관리에관한특별조치법,0,0,0,0,0,0,0,0,0,0
661,2019년,특별법범,개인정보보호법,개인정보보호법,2,0,0,0,0,1,0,0,0,0
662,2019년,특별법범,건축법,건축법,0,0,0,0,0,0,0,0,0,0
663,2019년,특별법범,게임산업진흥에관한법률,게임산업진흥에관한법률,49,0,0,4,0,2,0,0,1,0
664,2019년,특별법범,경범죄처벌법,경범죄처벌법,54,0,1,4,3,7,0,0,1,0
665,2019년,특별법범,공유재산및물품관리법,공유재산및물품관리법,0,0,0,0,0,0,0,0,0,0
666,2019년,특별법범,공인중개사법,공인중개사법,0,0,0,0,0,0,0,0,0,0
667,2019년,특별법범,공중위생관리법,공중위생관리법,0,0,0,0,0,0,0,0,0,0
668,2019년,특별법범,공직선거법,공직선거법,0,0,0,0,0,0,0,0,0,0
669,2019년,특별법범,교통사고처리특례법,교통사고처리특례법,"1,515",4,8,71,4,98,0,3,26,0
670,2019년,특별법범,국민체육진흥법,국민체육진흥법,17,0,0,0,0,0,0,0,0,0
671,2019년,특별법범,국토의계획및이용에관한법률,국토의계획및이용에관한법률,0,0,0,0,0,0,0,0,0,0
672,2019년,특별법범,근로기준법,근로기준법,0,0,0,0,0,0,0,0,0,0
673,2019년,특별법범,근로자퇴직급여보장법,근로자퇴직급여보장법,0,0,0,0,0,0,0,0,0,0
674,2019년,특별법범,농수산물의원산지표시에관한법률,농수산물의원산지표시에관한법률,0,0,0,0,0,0,0,0,0,0
675,2019년,특별법범,농지법,농지법,0,0,0,0,0,0,0,0,0,0
676,2019년,특별법범,대기환경보전법,대기환경보전법,0,0,0,0,0,0,0,0,0,0
677,2019년,특별법범,대부업등의등록및금융이용자보호에관한법률,대부업등의등록및금융이용자보호에관한법률,20,0,0,0,0,2,0,0,0,0
678,2019년,특별법범,도로교통법,도로교통법,"3,867",19,30,215,15,259,4,8,57,0
679,2019년,특별법범,도로법,도로법,0,0,0,0,0,0,0,0,0,0
680,2019년,특별법범,마약류관리에관한법률,마약류관리에관한법률,61,0,1,5,0,4,0,0,0,0
681,2019년,특별법범,병역법,병역법,0,0,0,0,0,0,0,0,0,0
682,2019년,특별법범,부정경쟁방지및영업비밀보호에관한법률,부정경쟁방지및영업비밀보호에관한법률,0,0,0,0,0,0,0,0,0,0
683,2019년,특별법범,부정수표단속법,부정수표단속법,2,0,0,0,1,0,0,0,0,0
684,2019년,특별법범,사행행위등규제및처벌특례법,사행행위등규제및처벌특례법,0,0,0,0,0,0,0,0,0,0
685,2019년,특별법범,산림자원의조성및관리에관한법률,산림자원의조성및관리에관한법률,0,0,0,0,0,0,0,0,0,0
686,2019년,특별법범,산업안전보건법,산업안전보건법,0,0,0,0,0,0,0,0,0,0
687,2019년,특별법범,산지관리법,산지관리법,0,0,0,0,0,0,0,0,0,0
688,2019년,특별법범,상표법,상표법,5,0,0,0,0,0,0,0,0,0
689,2019년,특별법범,선박안전법,선박안전법,0,0,0,0,0,0,0,0,0,0
690,2019년,특별법범,선박직원법,선박직원법,0,0,0,0,0,0,0,0,0,0
691,2019년,특별법범,성매매알선등행위의처벌에관한법률,성매매알선등행위의처벌에관한법률,73,0,0,6,1,7,0,0,3,0
692,2019년,특별법범,수산업법,수산업법,0,0,0,0,0,0,0,0,0,0
693,2019년,특별법범,수산자원관리법,수산자원관리법,0,0,0,0,0,0,0,0,0,0
694,2019년,특별법범,물환경보전법,물환경보전법,0,0,0,0,0,0,0,0,0,0
695,2019년,특별법범,식품위생법,식품위생법,6,0,0,1,0,0,0,0,0,0
696,2019년,특별법범,아동·청소년의성보호에관한법률(성매수등),아동·청소년의성보호에관한법률(성매수등),135,0,2,6,3,7,0,0,2,0
697,2019년,특별법범,아동·청소년의성보호에관한법률(음란물등),아동·청소년의성보호에관한법률(음란물등),109,0,0,4,1,7,0,1,1,0
698,2019년,특별법범,아동복지법,아동복지법,79,0,0,8,2,5,0,0,0,0
699,2019년,특별법범,여객자동차운수사업법,여객자동차운수사업법,2,0,0,0,0,0,0,0,0,0
700,2019년,특별법범,여신전문금융업법,여신전문금융업법,85,0,0,2,0,6,0,0,1,0
701,2019년,특별법범,외국환거래법,외국환거래법,0,0,0,0,0,0,0,0,0,0
702,2019년,특별법범,의료법,의료법,11,0,0,1,0,0,0,0,0,0
703,2019년,특별법범,자동차관리법,자동차관리법,278,0,1,20,0,15,0,0,9,0
704,2019년,특별법범,자동차손해배상보장법,자동차손해배상보장법,218,1,0,15,0,18,1,2,4,0
705,2019년,특별법범,저작권법,저작권법,17,0,0,1,0,3,0,0,0,0
706,2019년,특별법범,전자금융거래법,전자금융거래법,244,0,2,20,2,13,0,0,3,0
707,2019년,특별법범,정보통신망이용촉진및정보보호등에관한법률,정보통신망이용촉진및정보보호등에관한법률,421,1,0,17,1,17,0,1,0,0
708,2019년,특별법범,조세범처벌법,조세범처벌법,0,0,0,0,0,0,0,0,0,0
709,2019년,특별법범,주민등록법,주민등록법,861,2,4,40,5,77,1,0,5,0
710,2019년,특별법범,청소년보호법,청소년보호법,536,2,1,20,3,35,0,0,8,0
711,2019년,특별법범,축산물위생관리법,축산물위생관리법,0,0,0,0,0,0,0,0,0,0
712,2019년,특별법범,출입국관리법,출입국관리법,5,0,0,0,0,1,0,0,0,0
713,2019년,특별법범,통신비밀보호법,통신비밀보호법,0,0,0,0,0,0,0,0,0,0
714,2019년,특별법범,특가법(도주차량),특가법(도주차량),3,0,0,2,0,1,0,0,0,0
715,2019년,특별법범,폐기물관리법,폐기물관리법,0,0,0,0,0,0,0,0,0,0
716,2019년,특별법범,풍속영업의규제에관한법률,풍속영업의규제에관한법률,0,0,0,0,0,0,0,0,0,0
717,2019년,특별법범,학원의설립운영및과외교습에관한법률,학원의설립운영및과외교습에관한법률,0,0,0,0,0,0,0,0,0,0
718,2019년,특별법범,예비군법,예비군법,0,0,0,0,0,0,0,0,0,0
719,2019년,특별법범,화물자동차운수사업법,화물자동차운수사업법,0,0,0,0,0,0,0,0,0,0
720,2019년,특별법범,기타특별법,기타특별법,397,0,1,21,9,26,1,0,9,0