자료시점,분류,분류,분류,계,동종재범(소계),1개월이내(동종재범),3개월이내(동종재범),6개월이내(동종재범),1년이내(동종재범),2년이내(동종재범),3년이내(동종재범),3년초과(동종재범),이종재범(소계),1개월이내(이종재범),3개월이내(이종재범),6개월이내(이종재범),1년이내(이종재범),2년이내(이종재범),3년이내(이종재범),3년초과(이종재범)
2014년,계,계[입력치],계[입력치],"32,265","15,014","2,181","2,615","2,281","4,669","1,926",994,348,"17,251","1,940","2,545","2,526","5,165","2,719","1,520",836
2014년,형법범,형법범계[입력치],형법범계[입력치],"26,748","12,982","2,014","2,350","1,997","4,012","1,551",791,267,"13,766","1,733","2,216","2,138","4,024","2,024","1,071",560
2014년,형법범,재산범죄,재산범죄의 계[입력치],"16,824","8,823","1,679","1,734","1,324","2,720",791,438,137,"8,001","1,279","1,497","1,316","2,191",944,511,263
2014년,형법범,재산범죄,배임,0,0,0,0,0,0,0,0,0,0,0,0,0,0,0,0,0
2014년,형법범,재산범죄,사기,"3,581","1,885",445,366,244,583,129,87,31,"1,696",238,245,221,511,243,150,88
2014년,형법범,재산범죄,손괴,344,123,9,14,27,41,20,8,4,221,20,29,32,64,36,25,15
2014년,형법범,재산범죄,장물,407,159,23,25,27,47,19,13,5,248,27,28,33,75,41,34,10
2014년,형법범,재산범죄,절도,"11,998","6,470","1,179","1,308",991,"1,996",589,318,89,"5,528",971,"1,160",993,"1,427",573,271,133
2014년,형법범,재산범죄,횡령,494,186,23,21,35,53,34,12,8,308,23,35,37,114,51,31,17
2014년,형법범,강력범죄(흉악),강력범죄(흉악)의 계[입력치],"1,008",159,22,35,28,37,22,10,5,849,66,108,127,287,129,77,55
2014년,형법범,강력범죄(흉악),강도,277,105,18,27,20,23,11,4,2,172,21,25,40,43,17,18,8
2014년,형법범,강력범죄(흉악),방화,36,10,3,1,2,0,1,2,1,26,2,3,3,15,2,0,1
2014년,형법범,강력범죄(흉악),살인,7,1,0,0,0,0,1,0,0,6,0,2,0,4,0,0,0
2014년,형법범,강력범죄(흉악),성폭력,688,43,1,7,6,14,9,4,2,645,43,78,84,225,110,59,46
2014년,형법범,강력범죄(폭력),강력범죄(폭력)의 계[입력치],"7,547","3,460",273,519,555,"1,080",645,281,107,"4,087",334,524,588,"1,299",768,383,191
2014년,형법범,강력범죄(폭력),공갈,"1,072",509,77,101,105,145,50,18,13,563,68,113,89,180,66,29,18
2014년,형법범,강력범죄(폭력),상해,"2,948","1,350",92,175,219,425,285,119,35,"1,598",117,186,234,534,316,135,76
2014년,형법범,강력범죄(폭력),약취와 유인,5,0,0,0,0,0,0,0,0,5,0,1,0,0,3,0,1
2014년,형법범,강력범죄(폭력),체포와 감금,56,37,1,8,8,10,8,1,1,19,3,4,7,1,2,2,0
2014년,형법범,강력범죄(폭력),"폭력행위등(단체등의구성,활동)",45,16,3,4,3,3,1,2,0,29,7,5,4,5,4,4,0
2014년,형법범,강력범죄(폭력),"폭력행위등(손괴,강요,주거침입등)",207,96,17,22,21,19,9,5,3,111,10,15,14,42,13,9,8
2014년,형법범,강력범죄(폭력),폭행,"3,101","1,403",81,203,192,455,286,134,52,"1,698",125,194,228,519,352,194,86
2014년,형법범,강력범죄(폭력),협박,113,49,2,6,7,23,6,2,3,64,4,6,12,18,12,10,2
2014년,형법범,위조범죄,위조범죄의 계[입력치],702,296,23,31,49,99,46,39,9,406,22,48,43,126,88,54,25
2014년,형법범,위조범죄,문서,696,295,23,31,49,98,46,39,9,401,22,48,40,126,87,54,24
2014년,형법범,위조범죄,유가증권인지우표,1,0,0,0,0,0,0,0,0,1,0,0,0,0,0,0,1
2014년,형법범,위조범죄,인장,3,1,0,0,0,1,0,0,0,2,0,0,1,0,1,0,0
2014년,형법범,위조범죄,통화,2,0,0,0,0,0,0,0,0,2,0,0,2,0,0,0,0
2014년,형법범,공무원범죄,공무원범죄의 계[입력치],0,0,0,0,0,0,0,0,0,0,0,0,0,0,0,0,0
2014년,형법범,공무원범죄,수뢰,0,0,0,0,0,0,0,0,0,0,0,0,0,0,0,0,0
2014년,형법범,공무원범죄,증뢰,0,0,0,0,0,0,0,0,0,0,0,0,0,0,0,0,0
2014년,형법범,공무원범죄,직권남용,0,0,0,0,0,0,0,0,0,0,0,0,0,0,0,0,0
2014년,형법범,공무원범죄,직무유기,0,0,0,0,0,0,0,0,0,0,0,0,0,0,0,0,0
2014년,형법범,풍속범죄,풍속범죄의 계[입력치],20,6,0,1,1,3,0,1,0,14,0,1,4,3,4,1,1
2014년,형법범,풍속범죄,기타음란행위,8,4,0,0,1,3,0,0,0,4,0,0,1,2,1,0,0
2014년,형법범,풍속범죄,도박과 복표,12,2,0,1,0,0,0,1,0,10,0,1,3,1,3,1,1
2014년,형법범,풍속범죄,신앙,0,0,0,0,0,0,0,0,0,0,0,0,0,0,0,0,0
2014년,형법범,과실범죄,과실범죄의 계[입력치],24,10,1,0,1,3,4,1,0,14,2,2,2,3,3,1,1
2014년,형법범,과실범죄,과실치사상,8,3,1,0,0,0,2,0,0,5,0,1,0,0,2,1,1
2014년,형법범,과실범죄,실화,14,6,0,0,1,3,1,1,0,8,2,1,1,3,1,0,0
2014년,형법범,과실범죄,업무상과실치사상,2,1,0,0,0,0,1,0,0,1,0,0,1,0,0,0,0
2014년,형법범,기타형법범죄,기타형법범죄의 계[입력치],623,228,16,30,39,70,43,21,9,395,30,36,58,115,88,44,24
2014년,형법범,기타형법범죄,공무방해,217,85,7,10,15,20,22,10,1,132,5,10,23,36,35,17,6
2014년,형법범,기타형법범죄,공안을해하는죄,0,0,0,0,0,0,0,0,0,0,0,0,0,0,0,0,0
2014년,형법범,기타형법범죄,교통방해,5,1,0,0,0,1,0,0,0,4,1,0,0,3,0,0,0
2014년,형법범,기타형법범죄,권리행사방해,14,5,0,1,1,1,1,1,0,9,2,2,2,1,0,2,0
2014년,형법범,기타형법범죄,내란의죄,0,0,0,0,0,0,0,0,0,0,0,0,0,0,0,0,0
2014년,형법범,기타형법범죄,도주와범인은닉,11,1,0,1,0,0,0,0,0,10,1,1,0,3,4,1,0
2014년,형법범,기타형법범죄,명예,186,72,3,9,9,30,13,6,2,114,7,7,14,36,23,14,13
2014년,형법범,기타형법범죄,무고,7,0,0,0,0,0,0,0,0,7,1,1,2,1,1,1,0
2014년,형법범,기타형법범죄,비밀침해,0,0,0,0,0,0,0,0,0,0,0,0,0,0,0,0,0
2014년,형법범,기타형법범죄,신용업무경매,60,25,2,3,3,9,2,1,5,35,1,5,6,6,8,6,3
2014년,형법범,기타형법범죄,위증과증거인멸,2,1,0,0,0,0,1,0,0,1,0,0,0,0,1,0,0
2014년,형법범,기타형법범죄,유기,1,0,0,0,0,0,0,0,0,1,0,0,0,0,1,0,0
2014년,형법범,기타형법범죄,음용수에관한죄,0,0,0,0,0,0,0,0,0,0,0,0,0,0,0,0,0
2014년,형법범,기타형법범죄,일수와수리에관한죄,0,0,0,0,0,0,0,0,0,0,0,0,0,0,0,0,0
2014년,형법범,기타형법범죄,주거침입,119,38,4,6,11,9,4,3,1,81,12,10,11,28,15,3,2
2014년,형법범,기타형법범죄,기타,1,0,0,0,0,0,0,0,0,1,0,0,0,1,0,0,0
2014년,특별법범,특별법범의 계[입력치],특별법범의 계[입력치],"5,517","2,032",167,265,284,657,375,203,81,"3,485",207,329,388,"1,141",695,449,276
2014년,특별법범,개발제한구역의지정및관리에관한특별조치법,개발제한구역의지정및관리에관한특별조치법,0,0,0,0,0,0,0,0,0,0,0,0,0,0,0,0,0
2014년,특별법범,개인정보보호법,개인정보보호법,3,2,1,0,0,1,0,0,0,1,0,0,0,1,0,0,0
2014년,특별법범,건축법,건축법,0,0,0,0,0,0,0,0,0,0,0,0,0,0,0,0,0
2014년,특별법범,게임산업진흥에관한법률,게임산업진흥에관한법률,21,4,0,0,1,1,0,0,2,17,0,0,1,4,6,2,4
2014년,특별법범,경범죄처벌법,경범죄처벌법,27,10,1,0,1,5,2,1,0,17,0,2,4,6,3,0,2
2014년,특별법범,공유재산및물품관리법,공유재산및물품관리법,0,0,0,0,0,0,0,0,0,0,0,0,0,0,0,0,0
2014년,특별법범,공인중개사법,공인중개사법,0,0,0,0,0,0,0,0,0,0,0,0,0,0,0,0,0
2014년,특별법범,공중위생관리법,공중위생관리법,0,0,0,0,0,0,0,0,0,0,0,0,0,0,0,0,0
2014년,특별법범,공직선거법,공직선거법,3,0,0,0,0,0,0,0,0,3,2,0,1,0,0,0,0
2014년,특별법범,교통사고처리특례법,교통사고처리특례법,"1,171",388,19,46,50,115,94,42,22,783,35,63,72,246,177,122,68
2014년,특별법범,국민체육진흥법,국민체육진흥법,5,2,0,1,0,0,1,0,0,3,1,0,0,0,1,1,0
2014년,특별법범,국토의계획및이용에관한법률,국토의계획및이용에관한법률,0,0,0,0,0,0,0,0,0,0,0,0,0,0,0,0,0
2014년,특별법범,근로기준법,근로기준법,0,0,0,0,0,0,0,0,0,0,0,0,0,0,0,0,0
2014년,특별법범,근로자퇴직급여보장법,근로자퇴직급여보장법,0,0,0,0,0,0,0,0,0,0,0,0,0,0,0,0,0
2014년,특별법범,농수산물의원산지표시에관한법률,농수산물의원산지표시에관한법률,0,0,0,0,0,0,0,0,0,0,0,0,0,0,0,0,0
2014년,특별법범,농지법,농지법,0,0,0,0,0,0,0,0,0,0,0,0,0,0,0,0,0
2014년,특별법범,대기환경보전법,대기환경보전법,0,0,0,0,0,0,0,0,0,0,0,0,0,0,0,0,0
2014년,특별법범,대부업등의등록및금융이용자보호에관한법률,대부업등의등록및금융이용자보호에관한법률,0,0,0,0,0,0,0,0,0,0,0,0,0,0,0,0,0
2014년,특별법범,도로교통법,도로교통법,"2,520","1,005",96,138,157,334,159,86,35,"1,515",104,161,196,491,292,163,108
2014년,특별법범,도로법,도로법,1,0,0,0,0,0,0,0,0,1,0,1,0,0,0,0,0
2014년,특별법범,마약류관리에관한법률,마약류관리에관한법률,10,4,0,2,0,1,1,0,0,6,0,1,0,2,3,0,0
2014년,특별법범,병역법,병역법,0,0,0,0,0,0,0,0,0,0,0,0,0,0,0,0,0
2014년,특별법범,부정경쟁방지및영업비밀보호에관한법률,부정경쟁방지및영업비밀보호에관한법률,0,0,0,0,0,0,0,0,0,0,0,0,0,0,0,0,0
2014년,특별법범,부정수표단속법,부정수표단속법,5,0,0,0,0,0,0,0,0,5,0,0,0,5,0,0,0
2014년,특별법범,사행행위등규제및처벌특례법,사행행위등규제및처벌특례법,2,2,0,0,0,0,2,0,0,0,0,0,0,0,0,0,0
2014년,특별법범,산림자원의조성및관리에관한법률,산림자원의조성및관리에관한법률,0,0,0,0,0,0,0,0,0,0,0,0,0,0,0,0,0
2014년,특별법범,산업안전보건법,산업안전보건법,0,0,0,0,0,0,0,0,0,0,0,0,0,0,0,0,0
2014년,특별법범,산지관리법,산지관리법,0,0,0,0,0,0,0,0,0,0,0,0,0,0,0,0,0
2014년,특별법범,상표법,상표법,0,0,0,0,0,0,0,0,0,0,0,0,0,0,0,0,0
2014년,특별법범,선박안전법,선박안전법,0,0,0,0,0,0,0,0,0,0,0,0,0,0,0,0,0
2014년,특별법범,선박직원법,선박직원법,0,0,0,0,0,0,0,0,0,0,0,0,0,0,0,0,0
2014년,특별법범,성매매알선등행위의처벌에관한법률,성매매알선등행위의처벌에관한법률,,,,,,,,,,,,,,,,,
2014년,특별법범,수산업법,수산업법,0,0,0,0,0,0,0,0,0,0,0,0,0,0,0,0,0
2014년,특별법범,수산자원관리법,수산자원관리법,0,0,0,0,0,0,0,0,0,0,0,0,0,0,0,0,0
2014년,특별법범,물환경보전법,물환경보전법,0,0,0,0,0,0,0,0,0,0,0,0,0,0,0,0,0
2014년,특별법범,식품위생법,식품위생법,4,0,0,0,0,0,0,0,0,4,0,0,0,0,2,0,2
2014년,특별법범,아동·청소년의성보호에관한법률(성매수등),아동·청소년의성보호에관한법률(성매수등),100,35,3,5,8,7,8,4,0,65,12,8,5,20,8,8,4
2014년,특별법범,아동·청소년의성보호에관한법률(음란물등),아동·청소년의성보호에관한법률(음란물등),8,3,2,0,0,0,1,0,0,5,0,0,0,1,1,3,0
2014년,특별법범,아동복지법,아동복지법,1,0,0,0,0,0,0,0,0,1,0,0,0,1,0,0,0
2014년,특별법범,여객자동차운수사업법,여객자동차운수사업법,0,0,0,0,0,0,0,0,0,0,0,0,0,0,0,0,0
2014년,특별법범,여신전문금융업법,여신전문금융업법,66,25,4,1,5,9,4,2,0,41,6,6,4,16,2,6,1
2014년,특별법범,외국환거래법,외국환거래법,0,0,0,0,0,0,0,0,0,0,0,0,0,0,0,0,0
2014년,특별법범,의료법,의료법,2,1,0,0,0,0,0,0,1,1,0,0,0,1,0,0,0
2014년,특별법범,자동차관리법,자동차관리법,89,26,1,3,0,11,5,5,1,63,1,1,9,26,14,8,4
2014년,특별법범,자동차손해배상보장법,자동차손해배상보장법,199,71,9,9,6,26,9,9,3,128,2,18,19,32,30,16,11
2014년,특별법범,저작권법,저작권법,14,9,1,4,1,2,0,1,0,5,0,0,0,2,0,1,2
2014년,특별법범,전자금융거래법,전자금융거래법,173,46,5,5,10,18,1,6,1,127,7,8,9,49,20,24,10
2014년,특별법범,정보통신망이용촉진및정보보호등에관한법률,정보통신망이용촉진및정보보호등에관한법률,85,29,3,6,2,7,7,3,1,56,4,10,3,16,8,6,9
2014년,특별법범,조세범처벌법,조세범처벌법,0,0,0,0,0,0,0,0,0,0,0,0,0,0,0,0,0
2014년,특별법범,주민등록법,주민등록법,363,154,8,14,14,45,46,23,4,209,7,11,24,82,42,36,7
2014년,특별법범,청소년보호법,청소년보호법,269,82,3,9,12,32,14,7,5,187,4,12,18,65,34,24,30
2014년,특별법범,축산물위생관리법,축산물위생관리법,0,0,0,0,0,0,0,0,0,0,0,0,0,0,0,0,0
2014년,특별법범,출입국관리법,출입국관리법,0,0,0,0,0,0,0,0,0,0,0,0,0,0,0,0,0
2014년,특별법범,통신비밀보호법,통신비밀보호법,0,0,0,0,0,0,0,0,0,0,0,0,0,0,0,0,0
2014년,특별법범,특가법(도주차량),특가법(도주차량),143,45,6,5,7,14,8,5,0,98,15,11,13,24,15,11,9
2014년,특별법범,폐기물관리법,폐기물관리법,0,0,0,0,0,0,0,0,0,0,0,0,0,0,0,0,0
2014년,특별법범,풍속영업의규제에관한법률,풍속영업의규제에관한법률,0,0,0,0,0,0,0,0,0,0,0,0,0,0,0,0,0
2014년,특별법범,학원의설립운영및과외교습에관한법률,학원의설립운영및과외교습에관한법률,0,0,0,0,0,0,0,0,0,0,0,0,0,0,0,0,0
2014년,특별법범,예비군법,예비군법,0,0,0,0,0,0,0,0,0,0,0,0,0,0,0,0,0
2014년,특별법범,화물자동차운수사업법,화물자동차운수사업법,0,0,0,0,0,0,0,0,0,0,0,0,0,0,0,0,0
2014년,특별법범,기타특별법,기타특별법,189,72,4,14,10,22,11,9,2,117,5,13,9,45,31,12,2
2015년,계,계[입력치],계[입력치],"30,248","13,237","1,992","2,362","1,969","4,012","1,667",916,319,"17,011","1,789","2,463","2,321","5,130","2,622","1,786",900
2015년,형법범,형법범계[입력치],형법범계[입력치],"24,867","11,521","1,828","2,104","1,714","3,481","1,388",762,244,"13,346","1,562","2,070","1,900","3,972","1,919","1,300",623
2015년,형법범,재산범죄,재산범죄의 계[입력치],"15,555","8,211","1,535","1,616","1,211","2,453",835,442,119,"7,344","1,101","1,305","1,122","2,120",859,537,300
2015년,형법범,재산범죄,배임,0,0,0,0,0,0,0,0,0,0,0,0,0,0,0,0,0
2015년,형법범,재산범죄,사기,"3,764","1,930",405,398,275,621,122,81,28,"1,834",222,276,248,584,222,179,103
2015년,형법범,재산범죄,손괴,354,90,12,9,16,27,20,3,3,264,21,37,31,89,40,33,13
2015년,형법범,재산범죄,장물,395,154,16,23,28,46,31,8,2,241,26,35,36,74,40,22,8
2015년,형법범,재산범죄,절도,"10,551","5,884","1,094","1,160",875,"1,713",632,329,81,"4,667",809,913,758,"1,273",492,272,150
2015년,형법범,재산범죄,횡령,491,153,8,26,17,46,30,21,5,338,23,44,49,100,65,31,26
2015년,형법범,강력범죄(흉악),강력범죄(흉악)의 계[입력치],939,141,31,16,20,50,16,4,4,798,67,116,122,263,121,72,37
2015년,형법범,강력범죄(흉악),강도,279,97,27,12,9,34,11,1,3,182,18,29,21,70,21,17,6
2015년,형법범,강력범죄(흉악),방화,21,6,0,3,2,0,0,1,0,15,2,3,2,6,2,0,0
2015년,형법범,강력범죄(흉악),살인,10,1,0,0,0,0,1,0,0,9,3,1,2,1,0,1,1
2015년,형법범,강력범죄(흉악),성폭력,629,37,4,1,9,16,4,2,1,592,44,83,97,186,98,54,30
2015년,형법범,강력범죄(폭력),강력범죄(폭력)의 계[입력치],"6,962","2,777",239,416,400,862,471,280,109,"4,185",325,523,549,"1,259",759,551,219
2015년,형법범,강력범죄(폭력),공갈,791,298,54,54,45,82,39,18,6,493,72,67,70,172,57,33,22
2015년,형법범,강력범죄(폭력),상해,"2,648","1,072",90,165,147,344,185,108,33,"1,576",111,200,191,459,319,215,81
2015년,형법범,강력범죄(폭력),약취와 유인,9,2,0,0,0,2,0,0,0,7,0,1,1,3,1,0,1
2015년,형법범,강력범죄(폭력),체포와 감금,67,20,1,0,3,7,4,3,2,47,3,2,5,18,7,8,4
2015년,형법범,강력범죄(폭력),"폭력행위등(단체등의구성,활동)",79,41,0,1,6,17,5,12,0,38,2,1,13,10,7,5,0
2015년,형법범,강력범죄(폭력),"폭력행위등(손괴,강요,주거침입등)",163,82,9,21,12,25,11,4,0,81,6,13,9,25,12,8,8
2015년,형법범,강력범죄(폭력),폭행,"3,078","1,228",81,170,182,378,220,132,65,"1,850",124,222,243,543,345,271,102
2015년,형법범,강력범죄(폭력),협박,127,34,4,5,5,7,7,3,3,93,7,17,17,29,11,11,1
2015년,형법범,위조범죄,위조범죄의 계[입력치],713,211,8,25,53,57,43,18,7,502,33,61,54,173,92,63,26
2015년,형법범,위조범죄,문서,681,202,8,24,52,54,40,18,6,479,30,59,49,167,88,60,26
2015년,형법범,위조범죄,유가증권인지우표,11,2,0,1,0,1,0,0,0,9,1,0,0,5,2,1,0
2015년,형법범,위조범죄,인장,7,0,0,0,0,0,0,0,0,7,1,0,2,1,1,2,0
2015년,형법범,위조범죄,통화,14,7,0,0,1,2,3,0,1,7,1,2,3,0,1,0,0
2015년,형법범,공무원범죄,공무원범죄의 계[입력치],0,0,0,0,0,0,0,0,0,0,0,0,0,0,0,0,0
2015년,형법범,공무원범죄,수뢰,0,0,0,0,0,0,0,0,0,0,0,0,0,0,0,0,0
2015년,형법범,공무원범죄,증뢰,0,0,0,0,0,0,0,0,0,0,0,0,0,0,0,0,0
2015년,형법범,공무원범죄,직권남용,0,0,0,0,0,0,0,0,0,0,0,0,0,0,0,0,0
2015년,형법범,공무원범죄,직무유기,0,0,0,0,0,0,0,0,0,0,0,0,0,0,0,0,0
2015년,형법범,풍속범죄,풍속범죄의 계[입력치],33,4,0,0,0,3,0,1,0,29,2,2,3,9,7,6,0
2015년,형법범,풍속범죄,기타음란행위,10,3,0,0,0,3,0,0,0,7,0,0,2,3,2,0,0
2015년,형법범,풍속범죄,도박과 복표,23,1,0,0,0,0,0,1,0,22,2,2,1,6,5,6,0
2015년,형법범,풍속범죄,신앙,0,0,0,0,0,0,0,0,0,0,0,0,0,0,0,0,0
2015년,형법범,과실범죄,과실범죄의 계[입력치],23,4,0,1,1,2,0,0,0,19,1,2,1,7,5,2,1
2015년,형법범,과실범죄,과실치사상,9,3,0,1,1,1,0,0,0,6,1,0,0,1,2,2,0
2015년,형법범,과실범죄,실화,13,1,0,0,0,1,0,0,0,12,0,2,1,5,3,0,1
2015년,형법범,과실범죄,업무상과실치사상,1,0,0,0,0,0,0,0,0,1,0,0,0,1,0,0,0
2015년,형법범,기타형법범죄,기타형법범죄의 계[입력치],642,173,15,30,29,54,23,17,5,469,33,61,49,141,76,69,40
2015년,형법범,기타형법범죄,공무방해,203,49,0,7,8,19,8,5,2,154,10,19,14,54,27,21,9
2015년,형법범,기타형법범죄,공안을해하는죄,0,0,0,0,0,0,0,0,0,0,0,0,0,0,0,0,0
2015년,형법범,기타형법범죄,교통방해,2,0,0,0,0,0,0,0,0,2,1,0,0,0,0,1,0
2015년,형법범,기타형법범죄,권리행사방해,14,5,1,1,0,1,2,0,0,9,3,0,2,1,2,1,0
2015년,형법범,기타형법범죄,내란의죄,0,0,0,0,0,0,0,0,0,0,0,0,0,0,0,0,0
2015년,형법범,기타형법범죄,도주와범인은닉,14,2,0,0,0,2,0,0,0,12,0,2,2,1,0,7,0
2015년,형법범,기타형법범죄,명예,199,48,8,5,4,14,7,8,2,151,10,11,16,39,31,22,22
2015년,형법범,기타형법범죄,무고,5,0,0,0,0,0,0,0,0,5,0,1,0,2,0,2,0
2015년,형법범,기타형법범죄,비밀침해,0,0,0,0,0,0,0,0,0,0,0,0,0,0,0,0,0
2015년,형법범,기타형법범죄,신용업무경매,65,21,1,8,4,7,1,0,0,44,2,6,3,15,5,9,4
2015년,형법범,기타형법범죄,위증과증거인멸,0,0,0,0,0,0,0,0,0,0,0,0,0,0,0,0,0
2015년,형법범,기타형법범죄,유기,3,0,0,0,0,0,0,0,0,3,0,0,0,1,2,0,0
2015년,형법범,기타형법범죄,음용수에관한죄,0,0,0,0,0,0,0,0,0,0,0,0,0,0,0,0,0
2015년,형법범,기타형법범죄,일수와수리에관한죄,0,0,0,0,0,0,0,0,0,0,0,0,0,0,0,0,0
2015년,형법범,기타형법범죄,주거침입,137,48,5,9,13,11,5,4,1,89,7,22,12,28,9,6,5
2015년,형법범,기타형법범죄,기타,0,0,0,0,0,0,0,0,0,0,0,0,0,0,0,0,0
2015년,특별법범,특별법범의 계[입력치],특별법범의 계[입력치],"5,381","1,716",164,258,255,531,279,154,75,"3,665",227,393,421,"1,158",703,486,277
2015년,특별법범,개발제한구역의지정및관리에관한특별조치법,개발제한구역의지정및관리에관한특별조치법,0,0,0,0,0,0,0,0,0,0,0,0,0,0,0,0,0
2015년,특별법범,개인정보보호법,개인정보보호법,1,0,0,0,0,0,0,0,0,1,0,1,0,0,0,0,0
2015년,특별법범,건축법,건축법,0,0,0,0,0,0,0,0,0,0,0,0,0,0,0,0,0
2015년,특별법범,게임산업진흥에관한법률,게임산업진흥에관한법률,26,5,0,0,0,1,1,1,2,21,1,2,1,6,7,1,3
2015년,특별법범,경범죄처벌법,경범죄처벌법,34,11,2,4,2,2,0,1,0,23,1,4,1,6,5,4,2
2015년,특별법범,공유재산및물품관리법,공유재산및물품관리법,0,0,0,0,0,0,0,0,0,0,0,0,0,0,0,0,0
2015년,특별법범,공인중개사법,공인중개사법,0,0,0,0,0,0,0,0,0,0,0,0,0,0,0,0,0
2015년,특별법범,공중위생관리법,공중위생관리법,1,0,0,0,0,0,0,0,0,1,0,0,0,0,1,0,0
2015년,특별법범,공직선거법,공직선거법,1,1,0,0,1,0,0,0,0,0,0,0,0,0,0,0,0
2015년,특별법범,교통사고처리특례법,교통사고처리특례법,"1,010",288,24,45,29,87,57,24,22,722,36,63,79,227,153,108,56
2015년,특별법범,국민체육진흥법,국민체육진흥법,7,0,0,0,0,0,0,0,0,7,0,0,0,3,1,1,2
2015년,특별법범,국토의계획및이용에관한법률,국토의계획및이용에관한법률,0,0,0,0,0,0,0,0,0,0,0,0,0,0,0,0,0
2015년,특별법범,근로기준법,근로기준법,0,0,0,0,0,0,0,0,0,0,0,0,0,0,0,0,0
2015년,특별법범,근로자퇴직급여보장법,근로자퇴직급여보장법,0,0,0,0,0,0,0,0,0,0,0,0,0,0,0,0,0
2015년,특별법범,농수산물의원산지표시에관한법률,농수산물의원산지표시에관한법률,0,0,0,0,0,0,0,0,0,0,0,0,0,0,0,0,0
2015년,특별법범,농지법,농지법,0,0,0,0,0,0,0,0,0,0,0,0,0,0,0,0,0
2015년,특별법범,대기환경보전법,대기환경보전법,0,0,0,0,0,0,0,0,0,0,0,0,0,0,0,0,0
2015년,특별법범,대부업등의등록및금융이용자보호에관한법률,대부업등의등록및금융이용자보호에관한법률,1,0,0,0,0,0,0,0,0,1,0,0,0,1,0,0,0
2015년,특별법범,도로교통법,도로교통법,"2,404",875,87,122,145,281,134,74,32,"1,529",106,186,182,484,272,193,106
2015년,특별법범,도로법,도로법,0,0,0,0,0,0,0,0,0,0,0,0,0,0,0,0,0
2015년,특별법범,마약류관리에관한법률,마약류관리에관한법률,14,3,0,1,0,1,0,0,1,11,1,0,0,3,2,5,0
2015년,특별법범,병역법,병역법,0,0,0,0,0,0,0,0,0,0,0,0,0,0,0,0,0
2015년,특별법범,부정경쟁방지및영업비밀보호에관한법률,부정경쟁방지및영업비밀보호에관한법률,0,0,0,0,0,0,0,0,0,0,0,0,0,0,0,0,0
2015년,특별법범,부정수표단속법,부정수표단속법,6,0,0,0,0,0,0,0,0,6,1,0,0,5,0,0,0
2015년,특별법범,사행행위등규제및처벌특례법,사행행위등규제및처벌특례법,1,1,0,0,0,0,0,1,0,0,0,0,0,0,0,0,0
2015년,특별법범,산림자원의조성및관리에관한법률,산림자원의조성및관리에관한법률,0,0,0,0,0,0,0,0,0,0,0,0,0,0,0,0,0
2015년,특별법범,산업안전보건법,산업안전보건법,0,0,0,0,0,0,0,0,0,0,0,0,0,0,0,0,0
2015년,특별법범,산지관리법,산지관리법,0,0,0,0,0,0,0,0,0,0,0,0,0,0,0,0,0
2015년,특별법범,상표법,상표법,3,1,0,0,0,0,0,1,0,2,1,0,0,0,0,1,0
2015년,특별법범,선박안전법,선박안전법,0,0,0,0,0,0,0,0,0,0,0,0,0,0,0,0,0
2015년,특별법범,선박직원법,선박직원법,0,0,0,0,0,0,0,0,0,0,0,0,0,0,0,0,0
2015년,특별법범,성매매알선등행위의처벌에관한법률,성매매알선등행위의처벌에관한법률,,,,,,,,,,,,,,,,,
2015년,특별법범,수산업법,수산업법,0,0,0,0,0,0,0,0,0,0,0,0,0,0,0,0,0
2015년,특별법범,수산자원관리법,수산자원관리법,0,0,0,0,0,0,0,0,0,0,0,0,0,0,0,0,0
2015년,특별법범,물환경보전법,물환경보전법,0,0,0,0,0,0,0,0,0,0,0,0,0,0,0,0,0
2015년,특별법범,식품위생법,식품위생법,2,0,0,0,0,0,0,0,0,2,0,0,1,0,1,0,0
2015년,특별법범,아동·청소년의성보호에관한법률(성매수등),아동·청소년의성보호에관한법률(성매수등),99,22,3,1,2,12,3,1,0,77,5,11,17,23,15,5,1
2015년,특별법범,아동·청소년의성보호에관한법률(음란물등),아동·청소년의성보호에관한법률(음란물등),7,3,0,0,0,1,2,0,0,4,0,0,1,1,1,0,1
2015년,특별법범,아동복지법,아동복지법,6,0,0,0,0,0,0,0,0,6,1,1,0,1,1,1,1
2015년,특별법범,여객자동차운수사업법,여객자동차운수사업법,0,0,0,0,0,0,0,0,0,0,0,0,0,0,0,0,0
2015년,특별법범,여신전문금융업법,여신전문금융업법,69,19,4,4,4,4,2,1,0,50,4,7,9,19,7,3,1
2015년,특별법범,외국환거래법,외국환거래법,0,0,0,0,0,0,0,0,0,0,0,0,0,0,0,0,0
2015년,특별법범,의료법,의료법,1,0,0,0,0,0,0,0,0,1,0,0,0,0,0,1,0
2015년,특별법범,자동차관리법,자동차관리법,110,30,2,5,6,6,10,1,0,80,3,7,7,26,22,10,5
2015년,특별법범,자동차손해배상보장법,자동차손해배상보장법,214,69,6,12,12,23,7,5,4,145,8,11,25,43,28,24,6
2015년,특별법범,저작권법,저작권법,19,11,3,2,1,4,0,0,1,8,2,0,0,1,2,1,2
2015년,특별법범,전자금융거래법,전자금융거래법,331,66,7,12,9,28,4,4,2,265,17,28,23,81,56,41,19
2015년,특별법범,정보통신망이용촉진및정보보호등에관한법률,정보통신망이용촉진및정보보호등에관한법률,95,26,1,6,2,10,6,1,0,69,9,5,2,16,8,11,18
2015년,특별법범,조세범처벌법,조세범처벌법,0,0,0,0,0,0,0,0,0,0,0,0,0,0,0,0,0
2015년,특별법범,주민등록법,주민등록법,312,103,5,21,12,22,19,20,4,209,8,20,25,63,50,26,17
2015년,특별법범,청소년보호법,청소년보호법,173,45,5,1,7,14,8,7,3,128,6,7,8,50,27,15,15
2015년,특별법범,축산물위생관리법,축산물위생관리법,0,0,0,0,0,0,0,0,0,0,0,0,0,0,0,0,0
2015년,특별법범,출입국관리법,출입국관리법,0,0,0,0,0,0,0,0,0,0,0,0,0,0,0,0,0
2015년,특별법범,통신비밀보호법,통신비밀보호법,0,0,0,0,0,0,0,0,0,0,0,0,0,0,0,0,0
2015년,특별법범,특가법(도주차량),특가법(도주차량),131,35,5,9,5,9,2,3,2,96,8,11,12,29,16,15,5
2015년,특별법범,폐기물관리법,폐기물관리법,0,0,0,0,0,0,0,0,0,0,0,0,0,0,0,0,0
2015년,특별법범,풍속영업의규제에관한법률,풍속영업의규제에관한법률,0,0,0,0,0,0,0,0,0,0,0,0,0,0,0,0,0
2015년,특별법범,학원의설립운영및과외교습에관한법률,학원의설립운영및과외교습에관한법률,0,0,0,0,0,0,0,0,0,0,0,0,0,0,0,0,0
2015년,특별법범,예비군법,예비군법,0,0,0,0,0,0,0,0,0,0,0,0,0,0,0,0,0
2015년,특별법범,화물자동차운수사업법,화물자동차운수사업법,0,0,0,0,0,0,0,0,0,0,0,0,0,0,0,0,0
2015년,특별법범,기타특별법,기타특별법,248,80,8,7,14,22,21,8,0,168,8,23,26,61,24,18,8
2016년,계,계[입력치],계[입력치],"30,368","13,103","2,221","2,575","1,886","4,058","1,339",748,276,"17,265","2,085","2,755","2,357","5,362","2,426","1,484",796
2016년,형법범,형법범계[입력치],형법범계[입력치],"24,775","11,281","2,022","2,277","1,633","3,442","1,102",598,207,"13,494","1,793","2,294","1,934","4,117","1,780","1,050",526
2016년,형법범,재산범죄,재산범죄의 계[입력치],"15,317","8,029","1,677","1,737","1,117","2,426",653,319,100,"7,288","1,229","1,426","1,112","2,119",761,418,223
2016년,형법범,재산범죄,배임,3,1,0,0,0,1,0,0,0,2,0,0,0,1,0,1,0
2016년,형법범,재산범죄,사기,"3,657","2,001",427,461,270,639,113,63,28,"1,656",219,277,209,579,179,130,63
2016년,형법범,재산범죄,손괴,375,105,14,18,14,33,12,10,4,270,31,44,33,82,44,18,18
2016년,형법범,재산범죄,장물,277,106,12,21,13,40,16,3,1,171,20,25,34,50,24,16,2
2016년,형법범,재산범죄,절도,"10,458","5,656","1,212","1,213",801,"1,653",489,227,61,"4,802",924,"1,036",776,"1,290",443,210,123
2016년,형법범,재산범죄,횡령,547,160,12,24,19,60,23,16,6,387,35,44,60,117,71,43,17
2016년,형법범,강력범죄(흉악),강력범죄(흉악)의 계[입력치],918,127,17,30,17,38,17,6,2,791,78,120,105,276,119,51,42
2016년,형법범,강력범죄(흉악),강도,224,85,13,26,9,21,12,3,1,139,20,30,11,53,16,5,4
2016년,형법범,강력범죄(흉악),방화,42,8,0,1,3,2,1,0,1,34,2,4,4,15,7,1,1
2016년,형법범,강력범죄(흉악),살인,4,2,0,0,0,1,0,1,0,2,0,1,0,0,1,0,0
2016년,형법범,강력범죄(흉악),성폭력,648,32,4,3,5,14,4,2,0,616,56,85,90,208,95,45,37
2016년,형법범,강력범죄(폭력),강력범죄(폭력)의 계[입력치],"7,054","2,687",277,449,434,828,376,235,88,"4,367",414,633,587,"1,363",717,446,207
2016년,형법범,강력범죄(폭력),공갈,812,306,66,55,53,89,21,15,7,506,104,93,71,154,50,27,7
2016년,형법범,강력범죄(폭력),상해,"2,583","1,010",99,161,154,338,147,83,28,"1,573",139,227,197,491,274,164,81
2016년,형법범,강력범죄(폭력),약취와 유인,7,2,0,0,0,2,0,0,0,5,0,1,0,2,2,0,0
2016년,형법범,강력범죄(폭력),체포와 감금,78,17,0,3,5,4,2,3,0,61,5,7,5,27,11,3,3
2016년,형법범,강력범죄(폭력),"폭력행위등(단체등의구성,활동)",17,5,0,3,2,0,0,0,0,12,0,6,2,4,0,0,0
2016년,형법범,강력범죄(폭력),"폭력행위등(손괴,강요,주거침입등)",140,67,10,14,11,22,6,3,1,73,10,14,15,19,7,4,4
2016년,형법범,강력범죄(폭력),폭행,"3,283","1,238",99,205,199,362,194,128,51,"2,045",149,274,284,638,359,234,107
2016년,형법범,강력범죄(폭력),협박,134,42,3,8,10,11,6,3,1,92,7,11,13,28,14,14,5
2016년,형법범,위조범죄,위조범죄의 계[입력치],744,258,29,40,33,91,30,24,11,486,38,49,56,174,88,53,28
2016년,형법범,위조범죄,문서,720,248,26,37,32,91,28,23,11,472,38,49,53,169,87,50,26
2016년,형법범,위조범죄,유가증권인지우표,0,0,0,0,0,0,0,0,0,0,0,0,0,0,0,0,0
2016년,형법범,위조범죄,인장,5,2,0,1,1,0,0,0,0,3,0,0,0,2,0,1,0
2016년,형법범,위조범죄,통화,19,8,3,2,0,0,2,1,0,11,0,0,3,3,1,2,2
2016년,형법범,공무원범죄,공무원범죄의 계[입력치],0,0,0,0,0,0,0,0,0,0,0,0,0,0,0,0,0
2016년,형법범,공무원범죄,수뢰,0,0,0,0,0,0,0,0,0,0,0,0,0,0,0,0,0
2016년,형법범,공무원범죄,증뢰,0,0,0,0,0,0,0,0,0,0,0,0,0,0,0,0,0
2016년,형법범,공무원범죄,직권남용,0,0,0,0,0,0,0,0,0,0,0,0,0,0,0,0,0
2016년,형법범,공무원범죄,직무유기,0,0,0,0,0,0,0,0,0,0,0,0,0,0,0,0,0
2016년,형법범,풍속범죄,풍속범죄의 계[입력치],58,9,1,0,1,5,0,2,0,49,2,1,10,15,8,10,3
2016년,형법범,풍속범죄,기타음란행위,10,4,0,0,1,3,0,0,0,6,0,1,2,2,0,1,0
2016년,형법범,풍속범죄,도박과 복표,48,5,1,0,0,2,0,2,0,43,2,0,8,13,8,9,3
2016년,형법범,풍속범죄,신앙,0,0,0,0,0,0,0,0,0,0,0,0,0,0,0,0,0
2016년,형법범,과실범죄,과실범죄의 계[입력치],23,3,0,0,1,2,0,0,0,20,2,1,7,3,1,5,1
2016년,형법범,과실범죄,과실치사상,12,1,0,0,0,1,0,0,0,11,1,1,4,1,0,4,0
2016년,형법범,과실범죄,실화,10,2,0,0,1,1,0,0,0,8,1,0,3,1,1,1,1
2016년,형법범,과실범죄,업무상과실치사상,1,0,0,0,0,0,0,0,0,1,0,0,0,1,0,0,0
2016년,형법범,기타형법범죄,기타형법범죄의 계[입력치],661,168,21,21,30,52,26,12,6,493,30,64,57,167,86,67,22
2016년,형법범,기타형법범죄,공무방해,229,64,10,7,13,21,9,1,3,165,9,26,19,60,27,16,8
2016년,형법범,기타형법범죄,공안을해하는죄,0,0,0,0,0,0,0,0,0,0,0,0,0,0,0,0,0
2016년,형법범,기타형법범죄,교통방해,3,1,0,1,0,0,0,0,0,2,0,0,0,2,0,0,0
2016년,형법범,기타형법범죄,권리행사방해,23,8,0,0,1,2,2,3,0,15,2,0,1,5,4,3,0
2016년,형법범,기타형법범죄,내란의죄,0,0,0,0,0,0,0,0,0,0,0,0,0,0,0,0,0
2016년,형법범,기타형법범죄,도주와범인은닉,22,2,0,0,0,1,0,0,1,20,2,3,1,8,1,4,1
2016년,형법범,기타형법범죄,명예,198,48,5,5,9,14,8,5,2,150,10,12,16,44,28,30,10
2016년,형법범,기타형법범죄,무고,3,2,0,0,0,1,0,1,0,1,0,0,1,0,0,0,0
2016년,형법범,기타형법범죄,비밀침해,0,0,0,0,0,0,0,0,0,0,0,0,0,0,0,0,0
2016년,형법범,기타형법범죄,신용업무경매,47,12,1,1,1,5,2,2,0,35,0,6,4,8,12,3,2
2016년,형법범,기타형법범죄,위증과증거인멸,0,0,0,0,0,0,0,0,0,0,0,0,0,0,0,0,0
2016년,형법범,기타형법범죄,유기,0,0,0,0,0,0,0,0,0,0,0,0,0,0,0,0,0
2016년,형법범,기타형법범죄,음용수에관한죄,0,0,0,0,0,0,0,0,0,0,0,0,0,0,0,0,0
2016년,형법범,기타형법범죄,일수와수리에관한죄,0,0,0,0,0,0,0,0,0,0,0,0,0,0,0,0,0
2016년,형법범,기타형법범죄,주거침입,136,31,5,7,6,8,5,0,0,105,7,17,15,40,14,11,1
2016년,형법범,기타형법범죄,기타,0,0,0,0,0,0,0,0,0,0,0,0,0,0,0,0,0
2016년,특별법범,특별법범의 계[입력치],특별법범의 계[입력치],"5,593","1,822",199,298,253,616,237,150,69,"3,771",292,461,423,"1,245",646,434,270
2016년,특별법범,개발제한구역의지정및관리에관한특별조치법,개발제한구역의지정및관리에관한특별조치법,0,0,0,0,0,0,0,0,0,0,0,0,0,0,0,0,0
2016년,특별법범,개인정보보호법,개인정보보호법,0,0,0,0,0,0,0,0,0,0,0,0,0,0,0,0,0
2016년,특별법범,건축법,건축법,0,0,0,0,0,0,0,0,0,0,0,0,0,0,0,0,0
2016년,특별법범,게임산업진흥에관한법률,게임산업진흥에관한법률,28,6,0,2,0,2,1,1,0,22,0,0,2,9,2,4,5
2016년,특별법범,경범죄처벌법,경범죄처벌법,39,10,0,3,4,2,0,1,0,29,2,6,6,6,0,7,2
2016년,특별법범,공유재산및물품관리법,공유재산및물품관리법,0,0,0,0,0,0,0,0,0,0,0,0,0,0,0,0,0
2016년,특별법범,공인중개사법,공인중개사법,0,0,0,0,0,0,0,0,0,0,0,0,0,0,0,0,0
2016년,특별법범,공중위생관리법,공중위생관리법,0,0,0,0,0,0,0,0,0,0,0,0,0,0,0,0,0
2016년,특별법범,공직선거법,공직선거법,1,0,0,0,0,0,0,0,0,1,0,0,0,0,0,0,1
2016년,특별법범,교통사고처리특례법,교통사고처리특례법,966,286,22,37,33,106,48,22,18,680,30,62,74,207,151,109,47
2016년,특별법범,국민체육진흥법,국민체육진흥법,12,0,0,0,0,0,0,0,0,12,0,2,2,5,2,1,0
2016년,특별법범,국토의계획및이용에관한법률,국토의계획및이용에관한법률,0,0,0,0,0,0,0,0,0,0,0,0,0,0,0,0,0
2016년,특별법범,근로기준법,근로기준법,1,0,0,0,0,0,0,0,0,1,0,0,0,0,0,0,1
2016년,특별법범,근로자퇴직급여보장법,근로자퇴직급여보장법,0,0,0,0,0,0,0,0,0,0,0,0,0,0,0,0,0
2016년,특별법범,농수산물의원산지표시에관한법률,농수산물의원산지표시에관한법률,0,0,0,0,0,0,0,0,0,0,0,0,0,0,0,0,0
2016년,특별법범,농지법,농지법,0,0,0,0,0,0,0,0,0,0,0,0,0,0,0,0,0
2016년,특별법범,대기환경보전법,대기환경보전법,0,0,0,0,0,0,0,0,0,0,0,0,0,0,0,0,0
2016년,특별법범,대부업등의등록및금융이용자보호에관한법률,대부업등의등록및금융이용자보호에관한법률,1,0,0,0,0,0,0,0,0,1,0,0,0,0,1,0,0
2016년,특별법범,도로교통법,도로교통법,"2,719","1,007",120,163,149,332,127,86,30,"1,712",125,238,204,583,297,162,103
2016년,특별법범,도로법,도로법,0,0,0,0,0,0,0,0,0,0,0,0,0,0,0,0,0
2016년,특별법범,마약류관리에관한법률,마약류관리에관한법률,16,5,0,1,0,3,0,1,0,11,0,0,1,8,1,1,0
2016년,특별법범,병역법,병역법,2,0,0,0,0,0,0,0,0,2,0,0,1,0,0,0,1
2016년,특별법범,부정경쟁방지및영업비밀보호에관한법률,부정경쟁방지및영업비밀보호에관한법률,1,0,0,0,0,0,0,0,0,1,0,0,0,0,0,1,0
2016년,특별법범,부정수표단속법,부정수표단속법,4,0,0,0,0,0,0,0,0,4,0,0,0,4,0,0,0
2016년,특별법범,사행행위등규제및처벌특례법,사행행위등규제및처벌특례법,1,0,0,0,0,0,0,0,0,1,0,0,0,1,0,0,0
2016년,특별법범,산림자원의조성및관리에관한법률,산림자원의조성및관리에관한법률,0,0,0,0,0,0,0,0,0,0,0,0,0,0,0,0,0
2016년,특별법범,산업안전보건법,산업안전보건법,0,0,0,0,0,0,0,0,0,0,0,0,0,0,0,0,0
2016년,특별법범,산지관리법,산지관리법,0,0,0,0,0,0,0,0,0,0,0,0,0,0,0,0,0
2016년,특별법범,상표법,상표법,1,1,0,0,0,0,1,0,0,0,0,0,0,0,0,0,0
2016년,특별법범,선박안전법,선박안전법,0,0,0,0,0,0,0,0,0,0,0,0,0,0,0,0,0
2016년,특별법범,선박직원법,선박직원법,0,0,0,0,0,0,0,0,0,0,0,0,0,0,0,0,0
2016년,특별법범,성매매알선등행위의처벌에관한법률,성매매알선등행위의처벌에관한법률,106,29,5,3,4,11,3,0,3,77,4,9,7,27,11,9,10
2016년,특별법범,수산업법,수산업법,0,0,0,0,0,0,0,0,0,0,0,0,0,0,0,0,0
2016년,특별법범,수산자원관리법,수산자원관리법,0,0,0,0,0,0,0,0,0,0,0,0,0,0,0,0,0
2016년,특별법범,물환경보전법,물환경보전법,0,0,0,0,0,0,0,0,0,0,0,0,0,0,0,0,0
2016년,특별법범,식품위생법,식품위생법,1,0,0,0,0,0,0,0,0,1,0,0,0,0,0,1,0
2016년,특별법범,아동·청소년의성보호에관한법률(성매수등),아동·청소년의성보호에관한법률(성매수등),123,19,0,1,6,10,2,0,0,104,8,15,13,43,15,7,3
2016년,특별법범,아동·청소년의성보호에관한법률(음란물등),아동·청소년의성보호에관한법률(음란물등),13,2,0,0,1,0,0,1,0,11,0,0,0,5,2,2,2
2016년,특별법범,아동복지법,아동복지법,14,3,1,0,0,1,0,1,0,11,2,2,1,6,0,0,0
2016년,특별법범,여객자동차운수사업법,여객자동차운수사업법,3,1,0,0,0,1,0,0,0,2,0,0,0,0,1,1,0
2016년,특별법범,여신전문금융업법,여신전문금융업법,41,13,2,2,2,4,2,1,0,28,5,8,6,6,1,2,0
2016년,특별법범,외국환거래법,외국환거래법,0,0,0,0,0,0,0,0,0,0,0,0,0,0,0,0,0
2016년,특별법범,의료법,의료법,2,0,0,0,0,0,0,0,0,2,0,0,1,1,0,0,0
2016년,특별법범,자동차관리법,자동차관리법,117,35,3,4,3,15,5,3,2,82,7,8,10,28,10,14,5
2016년,특별법범,자동차손해배상보장법,자동차손해배상보장법,289,81,10,13,9,30,10,6,3,208,17,21,21,63,30,35,21
2016년,특별법범,저작권법,저작권법,12,7,3,1,0,3,0,0,0,5,1,0,0,1,2,0,1
2016년,특별법범,전자금융거래법,전자금융거래법,146,33,3,9,3,10,3,4,1,113,9,9,5,50,17,15,8
2016년,특별법범,정보통신망이용촉진및정보보호등에관한법률,정보통신망이용촉진및정보보호등에관한법률,107,30,1,4,2,14,6,2,1,77,11,13,6,18,13,9,7
2016년,특별법범,조세범처벌법,조세범처벌법,0,0,0,0,0,0,0,0,0,0,0,0,0,0,0,0,0
2016년,특별법범,주민등록법,주민등록법,294,98,3,24,18,24,15,9,5,196,13,17,20,74,32,21,19
2016년,특별법범,청소년보호법,청소년보호법,172,41,3,3,5,19,3,4,4,131,10,13,9,31,28,17,23
2016년,특별법범,축산물위생관리법,축산물위생관리법,0,0,0,0,0,0,0,0,0,0,0,0,0,0,0,0,0
2016년,특별법범,출입국관리법,출입국관리법,0,0,0,0,0,0,0,0,0,0,0,0,0,0,0,0,0
2016년,특별법범,통신비밀보호법,통신비밀보호법,0,0,0,0,0,0,0,0,0,0,0,0,0,0,0,0,0
2016년,특별법범,특가법(도주차량),특가법(도주차량),94,28,4,6,3,7,3,4,1,66,10,8,11,22,7,3,5
2016년,특별법범,폐기물관리법,폐기물관리법,0,0,0,0,0,0,0,0,0,0,0,0,0,0,0,0,0
2016년,특별법범,풍속영업의규제에관한법률,풍속영업의규제에관한법률,0,0,0,0,0,0,0,0,0,0,0,0,0,0,0,0,0
2016년,특별법범,학원의설립운영및과외교습에관한법률,학원의설립운영및과외교습에관한법률,0,0,0,0,0,0,0,0,0,0,0,0,0,0,0,0,0
2016년,특별법범,예비군법,예비군법,0,0,0,0,0,0,0,0,0,0,0,0,0,0,0,0,0
2016년,특별법범,화물자동차운수사업법,화물자동차운수사업법,0,0,0,0,0,0,0,0,0,0,0,0,0,0,0,0,0
2016년,특별법범,기타특별법,기타특별법,267,87,19,22,11,22,8,4,1,180,38,30,23,47,23,13,6
2017년,계,계[입력치],계[입력치],"28,583","12,098","2,087","2,350","1,890","3,607","1,258",703,203,"16,485","1,934","2,726","2,372","5,234","2,296","1,299",624
2017년,형법범,형법범계[입력치],형법범계[입력치],"23,127","10,302","1,863","2,047","1,591","3,045","1,018",571,167,"12,825","1,626","2,264","1,914","3,990","1,684",925,422
2017년,형법범,재산범죄,재산범죄의 계[입력치],"13,338","6,809","1,503","1,449","1,011","1,942",539,297,68,"6,529","1,055","1,338","1,034","1,884",698,355,165
2017년,형법범,재산범죄,배임,0,0,0,0,0,0,0,0,0,0,0,0,0,0,0,0,0
2017년,형법범,재산범죄,사기,"3,193","1,631",391,382,232,457,99,57,13,"1,562",253,334,220,459,148,110,38
2017년,형법범,재산범죄,손괴,425,117,19,20,19,30,13,13,3,308,18,46,45,95,61,33,10
2017년,형법범,재산범죄,장물,190,73,11,16,12,19,9,5,1,117,17,17,21,38,13,9,2
2017년,형법범,재산범죄,절도,"9,027","4,818","1,064","1,001",713,"1,381",403,206,50,"4,209",724,892,718,"1,180",421,180,94
2017년,형법범,재산범죄,횡령,503,170,18,30,35,55,15,16,1,333,43,49,30,112,55,23,21
2017년,형법범,강력범죄(흉악),강력범죄(흉악)의 계[입력치],864,207,21,34,39,66,25,12,10,657,64,86,89,234,85,53,46
2017년,형법범,강력범죄(흉악),강도,156,53,8,15,9,12,7,2,0,103,14,16,18,29,10,9,7
2017년,형법범,강력범죄(흉악),방화,36,12,1,2,2,3,3,0,1,24,7,3,2,11,1,0,0
2017년,형법범,강력범죄(흉악),살인,4,2,0,0,1,0,0,1,0,2,0,0,1,1,0,0,0
2017년,형법범,강력범죄(흉악),성폭력,668,140,12,17,27,51,15,9,9,528,43,67,68,193,74,44,39
2017년,형법범,강력범죄(폭력),강력범죄(폭력)의 계[입력치],"7,680","2,927",293,498,484,936,405,237,74,"4,753",419,721,690,"1,587",748,425,163
2017년,형법범,강력범죄(폭력),공갈,844,309,61,54,48,105,27,13,1,535,72,105,97,180,56,16,9
2017년,형법범,강력범죄(폭력),상해,"2,729","1,075",104,184,185,327,160,88,27,"1,654",131,240,231,560,271,165,56
2017년,형법범,강력범죄(폭력),약취와 유인,11,2,0,0,0,0,2,0,0,9,0,3,1,4,0,1,0
2017년,형법범,강력범죄(폭력),체포와 감금,100,33,6,8,4,9,4,2,0,67,7,10,9,32,4,4,1
2017년,형법범,강력범죄(폭력),"폭력행위등(단체등의구성,활동)",31,14,0,5,4,2,0,3,0,17,0,0,2,11,0,3,1
2017년,형법범,강력범죄(폭력),"폭력행위등(손괴,강요,주거침입등)",176,65,6,15,16,14,8,5,1,111,17,15,14,37,20,6,2
2017년,형법범,강력범죄(폭력),폭행,"3,601","1,367",108,223,217,458,197,121,43,"2,234",180,325,326,719,373,221,90
2017년,형법범,강력범죄(폭력),협박,188,62,8,9,10,21,7,5,2,126,12,23,10,44,24,9,4
2017년,형법범,위조범죄,위조범죄의 계[입력치],580,168,26,30,24,51,23,12,2,412,44,57,42,132,71,45,21
2017년,형법범,위조범죄,문서,562,164,24,30,24,49,23,12,2,398,42,56,41,128,69,43,19
2017년,형법범,위조범죄,유가증권인지우표,2,0,0,0,0,0,0,0,0,2,0,0,0,0,1,1,0
2017년,형법범,위조범죄,인장,4,0,0,0,0,0,0,0,0,4,2,1,1,0,0,0,0
2017년,형법범,위조범죄,통화,12,4,2,0,0,2,0,0,0,8,0,0,0,4,1,1,2
2017년,형법범,공무원범죄,공무원범죄의 계[입력치],0,0,0,0,0,0,0,0,0,0,0,0,0,0,0,0,0
2017년,형법범,공무원범죄,수뢰,0,0,0,0,0,0,0,0,0,0,0,0,0,0,0,0,0
2017년,형법범,공무원범죄,증뢰,0,0,0,0,0,0,0,0,0,0,0,0,0,0,0,0,0
2017년,형법범,공무원범죄,직권남용,0,0,0,0,0,0,0,0,0,0,0,0,0,0,0,0,0
2017년,형법범,공무원범죄,직무유기,0,0,0,0,0,0,0,0,0,0,0,0,0,0,0,0,0
2017년,형법범,풍속범죄,풍속범죄의 계[입력치],46,13,0,4,2,2,3,1,1,33,5,2,7,6,8,4,1
2017년,형법범,풍속범죄,기타음란행위,17,7,0,1,2,1,3,0,0,10,4,0,2,1,2,1,0
2017년,형법범,풍속범죄,도박과 복표,29,6,0,3,0,1,0,1,1,23,1,2,5,5,6,3,1
2017년,형법범,풍속범죄,신앙,0,0,0,0,0,0,0,0,0,0,0,0,0,0,0,0,0
2017년,형법범,과실범죄,과실범죄의 계[입력치],24,3,0,0,0,3,0,0,0,21,1,3,3,3,5,5,1
2017년,형법범,과실범죄,과실치사상,5,1,0,0,0,1,0,0,0,4,0,0,1,2,1,0,0
2017년,형법범,과실범죄,실화,18,2,0,0,0,2,0,0,0,16,1,3,2,1,3,5,1
2017년,형법범,과실범죄,업무상과실치사상,1,0,0,0,0,0,0,0,0,1,0,0,0,0,1,0,0
2017년,형법범,기타형법범죄,기타형법범죄의 계[입력치],595,175,20,32,31,45,23,12,12,420,38,57,49,144,69,38,25
2017년,형법범,기타형법범죄,공무방해,142,38,4,10,5,12,2,4,1,104,9,13,19,34,10,9,10
2017년,형법범,기타형법범죄,공안을해하는죄,4,4,0,0,0,2,2,0,0,0,0,0,0,0,0,0,0
2017년,형법범,기타형법범죄,교통방해,0,0,0,0,0,0,0,0,0,0,0,0,0,0,0,0,0
2017년,형법범,기타형법범죄,권리행사방해,40,16,2,4,4,5,1,0,0,24,3,6,3,7,4,1,0
2017년,형법범,기타형법범죄,내란의죄,0,0,0,0,0,0,0,0,0,0,0,0,0,0,0,0,0
2017년,형법범,기타형법범죄,도주와범인은닉,16,5,0,2,1,0,2,0,0,11,0,0,1,5,4,1,0
2017년,형법범,기타형법범죄,명예,163,41,6,4,9,12,3,3,4,122,6,20,10,47,19,13,7
2017년,형법범,기타형법범죄,무고,5,2,0,0,0,0,1,0,1,3,0,1,0,0,1,1,0
2017년,형법범,기타형법범죄,비밀침해,0,0,0,0,0,0,0,0,0,0,0,0,0,0,0,0,0
2017년,형법범,기타형법범죄,신용업무경매,63,13,3,4,1,0,4,0,1,50,6,6,8,14,9,6,1
2017년,형법범,기타형법범죄,위증과증거인멸,3,1,0,0,1,0,0,0,0,2,0,0,0,2,0,0,0
2017년,형법범,기타형법범죄,유기,3,2,0,0,0,0,0,1,1,1,0,0,0,0,0,1,0
2017년,형법범,기타형법범죄,음용수에관한죄,0,0,0,0,0,0,0,0,0,0,0,0,0,0,0,0,0
2017년,형법범,기타형법범죄,일수와수리에관한죄,0,0,0,0,0,0,0,0,0,0,0,0,0,0,0,0,0
2017년,형법범,기타형법범죄,주거침입,155,53,5,8,10,14,8,4,4,102,14,11,8,35,21,6,7
2017년,형법범,기타형법범죄,기타,1,0,0,0,0,0,0,0,0,1,0,0,0,0,1,0,0
2017년,특별법범,특별법범의 계[입력치],특별법범의 계[입력치],"5,456","1,796",224,303,299,562,240,132,36,"3,660",308,462,458,"1,244",612,374,202
2017년,특별법범,개발제한구역의지정및관리에관한특별조치법,개발제한구역의지정및관리에관한특별조치법,0,0,0,0,0,0,0,0,0,0,0,0,0,0,0,0,0
2017년,특별법범,개인정보보호법,개인정보보호법,3,2,0,0,0,2,0,0,0,1,0,0,0,1,0,0,0
2017년,특별법범,건축법,건축법,0,0,0,0,0,0,0,0,0,0,0,0,0,0,0,0,0
2017년,특별법범,게임산업진흥에관한법률,게임산업진흥에관한법률,14,3,0,0,0,2,1,0,0,11,0,2,1,2,3,1,2
2017년,특별법범,경범죄처벌법,경범죄처벌법,40,9,2,3,0,4,0,0,0,31,2,1,6,9,6,5,2
2017년,특별법범,공유재산및물품관리법,공유재산및물품관리법,0,0,0,0,0,0,0,0,0,0,0,0,0,0,0,0,0
2017년,특별법범,공인중개사법,공인중개사법,0,0,0,0,0,0,0,0,0,0,0,0,0,0,0,0,0
2017년,특별법범,공중위생관리법,공중위생관리법,2,1,0,0,0,1,0,0,0,1,0,0,0,1,0,0,0
2017년,특별법범,공직선거법,공직선거법,3,1,0,0,0,0,1,0,0,2,1,0,0,0,0,1,0
2017년,특별법범,교통사고처리특례법,교통사고처리특례법,908,269,26,33,33,89,48,32,8,639,40,55,76,210,135,82,41
2017년,특별법범,국민체육진흥법,국민체육진흥법,1,0,0,0,0,0,0,0,0,1,0,0,1,0,0,0,0
2017년,특별법범,국토의계획및이용에관한법률,국토의계획및이용에관한법률,0,0,0,0,0,0,0,0,0,0,0,0,0,0,0,0,0
2017년,특별법범,근로기준법,근로기준법,0,0,0,0,0,0,0,0,0,0,0,0,0,0,0,0,0
2017년,특별법범,근로자퇴직급여보장법,근로자퇴직급여보장법,0,0,0,0,0,0,0,0,0,0,0,0,0,0,0,0,0
2017년,특별법범,농수산물의원산지표시에관한법률,농수산물의원산지표시에관한법률,0,0,0,0,0,0,0,0,0,0,0,0,0,0,0,0,0
2017년,특별법범,농지법,농지법,0,0,0,0,0,0,0,0,0,0,0,0,0,0,0,0,0
2017년,특별법범,대기환경보전법,대기환경보전법,0,0,0,0,0,0,0,0,0,0,0,0,0,0,0,0,0
2017년,특별법범,대부업등의등록및금융이용자보호에관한법률,대부업등의등록및금융이용자보호에관한법률,5,3,0,0,0,3,0,0,0,2,0,0,0,1,1,0,0
2017년,특별법범,도로교통법,도로교통법,"2,728","1,008",122,176,176,324,123,65,22,"1,720",153,238,211,595,274,168,81
2017년,특별법범,도로법,도로법,2,0,0,0,0,0,0,0,0,2,0,0,0,2,0,0,0
2017년,특별법범,마약류관리에관한법률,마약류관리에관한법률,14,8,1,1,2,2,1,1,0,6,3,1,0,1,0,0,1
2017년,특별법범,병역법,병역법,0,0,0,0,0,0,0,0,0,0,0,0,0,0,0,0,0
2017년,특별법범,부정경쟁방지및영업비밀보호에관한법률,부정경쟁방지및영업비밀보호에관한법률,0,0,0,0,0,0,0,0,0,0,0,0,0,0,0,0,0
2017년,특별법범,부정수표단속법,부정수표단속법,0,0,0,0,0,0,0,0,0,0,0,0,0,0,0,0,0
2017년,특별법범,사행행위등규제및처벌특례법,사행행위등규제및처벌특례법,0,0,0,0,0,0,0,0,0,0,0,0,0,0,0,0,0
2017년,특별법범,산림자원의조성및관리에관한법률,산림자원의조성및관리에관한법률,0,0,0,0,0,0,0,0,0,0,0,0,0,0,0,0,0
2017년,특별법범,산업안전보건법,산업안전보건법,0,0,0,0,0,0,0,0,0,0,0,0,0,0,0,0,0
2017년,특별법범,산지관리법,산지관리법,0,0,0,0,0,0,0,0,0,0,0,0,0,0,0,0,0
2017년,특별법범,상표법,상표법,2,1,0,1,0,0,0,0,0,1,0,0,0,0,0,1,0
2017년,특별법범,선박안전법,선박안전법,0,0,0,0,0,0,0,0,0,0,0,0,0,0,0,0,0
2017년,특별법범,선박직원법,선박직원법,0,0,0,0,0,0,0,0,0,0,0,0,0,0,0,0,0
2017년,특별법범,성매매알선등행위의처벌에관한법률,성매매알선등행위의처벌에관한법률,90,24,1,0,6,12,2,2,1,66,7,3,10,17,12,7,10
2017년,특별법범,수산업법,수산업법,0,0,0,0,0,0,0,0,0,0,0,0,0,0,0,0,0
2017년,특별법범,수산자원관리법,수산자원관리법,0,0,0,0,0,0,0,0,0,0,0,0,0,0,0,0,0
2017년,특별법범,물환경보전법,물환경보전법,0,0,0,0,0,0,0,0,0,0,0,0,0,0,0,0,0
2017년,특별법범,식품위생법,식품위생법,2,1,0,0,0,0,0,1,0,1,0,0,0,1,0,0,0
2017년,특별법범,아동·청소년의성보호에관한법률(성매수등),아동·청소년의성보호에관한법률(성매수등),149,31,11,1,5,10,3,1,0,118,13,15,22,45,13,4,6
2017년,특별법범,아동·청소년의성보호에관한법률(음란물등),아동·청소년의성보호에관한법률(음란물등),17,4,0,2,1,1,0,0,0,13,0,0,3,7,3,0,0
2017년,특별법범,아동복지법,아동복지법,10,1,0,1,0,0,0,0,0,9,0,2,0,2,4,1,0
2017년,특별법범,여객자동차운수사업법,여객자동차운수사업법,0,0,0,0,0,0,0,0,0,0,0,0,0,0,0,0,0
2017년,특별법범,여신전문금융업법,여신전문금융업법,40,11,4,0,1,4,2,0,0,29,5,6,0,14,3,1,0
2017년,특별법범,외국환거래법,외국환거래법,0,0,0,0,0,0,0,0,0,0,0,0,0,0,0,0,0
2017년,특별법범,의료법,의료법,7,0,0,0,0,0,0,0,0,7,0,0,0,3,2,2,0
2017년,특별법범,자동차관리법,자동차관리법,136,30,2,9,7,4,4,3,1,106,6,9,12,34,25,15,5
2017년,특별법범,자동차손해배상보장법,자동차손해배상보장법,292,82,11,14,14,23,12,8,0,210,16,27,30,73,35,22,7
2017년,특별법범,저작권법,저작권법,4,3,2,0,1,0,0,0,0,1,0,0,0,1,0,0,0
2017년,특별법범,전자금융거래법,전자금융거래법,113,29,4,9,4,7,2,2,1,84,7,14,10,33,6,8,6
2017년,특별법범,정보통신망이용촉진및정보보호등에관한법률,정보통신망이용촉진및정보보호등에관한법률,102,31,5,5,8,8,2,3,0,71,2,10,6,30,13,9,1
2017년,특별법범,조세범처벌법,조세범처벌법,0,0,0,0,0,0,0,0,0,0,0,0,0,0,0,0,0
2017년,특별법범,주민등록법,주민등록법,274,86,6,14,17,28,16,4,1,188,18,26,27,55,31,17,14
2017년,특별법범,청소년보호법,청소년보호법,165,46,4,11,5,11,10,3,2,119,4,16,7,37,22,15,18
2017년,특별법범,축산물위생관리법,축산물위생관리법,0,0,0,0,0,0,0,0,0,0,0,0,0,0,0,0,0
2017년,특별법범,출입국관리법,출입국관리법,0,0,0,0,0,0,0,0,0,0,0,0,0,0,0,0,0
2017년,특별법범,통신비밀보호법,통신비밀보호법,0,0,0,0,0,0,0,0,0,0,0,0,0,0,0,0,0
2017년,특별법범,특가법(도주차량),특가법(도주차량),76,24,7,4,2,7,2,2,0,52,8,7,6,14,9,5,3
2017년,특별법범,폐기물관리법,폐기물관리법,0,0,0,0,0,0,0,0,0,0,0,0,0,0,0,0,0
2017년,특별법범,풍속영업의규제에관한법률,풍속영업의규제에관한법률,0,0,0,0,0,0,0,0,0,0,0,0,0,0,0,0,0
2017년,특별법범,학원의설립운영및과외교습에관한법률,학원의설립운영및과외교습에관한법률,0,0,0,0,0,0,0,0,0,0,0,0,0,0,0,0,0
2017년,특별법범,예비군법,예비군법,0,0,0,0,0,0,0,0,0,0,0,0,0,0,0,0,0
2017년,특별법범,화물자동차운수사업법,화물자동차운수사업법,0,0,0,0,0,0,0,0,0,0,0,0,0,0,0,0,0
2017년,특별법범,기타특별법,기타특별법,257,88,16,19,17,20,11,5,0,169,23,30,30,56,15,10,5
2018년,계,계[입력치],계[입력치],"26,905","13,091","2,227","2,499","2,101","3,826","1,472",741,225,"13,814","1,823","2,455","2,024","4,293","1,783","1,012",424
2018년,형법범,형법범계[입력치],형법범계[입력치],"22,364","11,204","2,028","2,244","1,819","3,165","1,160",602,186,"11,160","1,645","2,125","1,717","3,339","1,294",730,310
2018년,형법범,재산범죄,재산범죄의 계[입력치],"13,104","6,889","1,561","1,512","1,107","1,891",484,253,81,"6,215","1,192","1,333",995,"1,666",550,322,157
2018년,형법범,재산범죄,배임,0,0,0,0,0,0,0,0,0,0,0,0,0,0,0,0,0
2018년,형법범,재산범죄,사기,"3,829","2,057",485,487,297,581,107,73,27,"1,772",275,330,254,557,166,138,52
2018년,형법범,재산범죄,손괴,417,186,25,36,41,39,26,15,4,231,26,28,35,66,46,20,10
2018년,형법범,재산범죄,장물,135,62,11,9,9,27,6,0,0,73,8,11,11,29,6,3,5
2018년,형법범,재산범죄,절도,"8,219","4,375","1,017",955,720,"1,182",305,148,48,"3,844",856,922,659,922,290,123,72
2018년,형법범,재산범죄,횡령,504,209,23,25,40,62,40,17,2,295,27,42,36,92,42,38,18
2018년,형법범,강력범죄(흉악),강력범죄(흉악)의 계[입력치],874,353,45,68,53,93,60,29,5,521,39,65,68,204,86,43,16
2018년,형법범,강력범죄(흉악),강도,142,59,9,12,9,19,6,4,0,83,7,7,16,37,14,2,0
2018년,형법범,강력범죄(흉악),방화,34,18,7,4,5,2,0,0,0,16,2,3,5,3,1,2,0
2018년,형법범,강력범죄(흉악),살인,0,0,0,0,0,0,0,0,0,0,0,0,0,0,0,0,0
2018년,형법범,강력범죄(흉악),성폭력,698,276,29,52,39,72,54,25,5,422,30,55,47,164,71,39,16
2018년,형법범,강력범죄(폭력),강력범죄(폭력)의 계[입력치],"7,175","3,453",380,582,575,"1,030",522,281,83,"3,722",353,607,562,"1,236",545,301,118
2018년,형법범,강력범죄(폭력),공갈,"1,022",468,74,105,93,126,45,18,7,554,84,85,91,184,58,36,16
2018년,형법범,강력범죄(폭력),상해,"2,137","1,013",106,151,168,330,145,86,27,"1,124",97,185,163,369,174,96,40
2018년,형법범,강력범죄(폭력),약취와 유인,4,4,0,0,0,2,2,0,0,0,0,0,0,0,0,0,0
2018년,형법범,강력범죄(폭력),체포와 감금,123,55,5,12,13,15,9,1,0,68,4,16,11,19,9,8,1
2018년,형법범,강력범죄(폭력),"폭력행위등(단체등의구성,활동)",21,14,3,2,4,3,1,1,0,7,1,1,2,2,0,1,0
2018년,형법범,강력범죄(폭력),"폭력행위등(손괴,강요,주거침입등)",178,103,24,27,15,23,7,7,0,75,9,22,10,20,9,4,1
2018년,형법범,강력범죄(폭력),폭행,"3,480","1,719",165,266,269,508,300,164,47,"1,761",141,280,273,584,281,144,58
2018년,형법범,강력범죄(폭력),협박,210,77,3,19,13,23,13,4,2,133,17,18,12,58,14,12,2
2018년,형법범,위조범죄,위조범죄의 계[입력치],545,231,14,34,48,72,41,16,6,314,21,51,43,102,51,39,7
2018년,형법범,위조범죄,문서,521,221,13,32,46,69,40,15,6,300,21,48,43,98,50,34,6
2018년,형법범,위조범죄,유가증권인지우표,10,5,1,1,0,3,0,0,0,5,0,1,0,2,0,1,1
2018년,형법범,위조범죄,인장,4,2,0,0,1,0,1,0,0,2,0,0,0,1,1,0,0
2018년,형법범,위조범죄,통화,10,3,0,1,1,0,0,1,0,7,0,2,0,1,0,4,0
2018년,형법범,공무원범죄,공무원범죄의 계[입력치],0,0,0,0,0,0,0,0,0,0,0,0,0,0,0,0,0
2018년,형법범,공무원범죄,수뢰,0,0,0,0,0,0,0,0,0,0,0,0,0,0,0,0,0
2018년,형법범,공무원범죄,증뢰,0,0,0,0,0,0,0,0,0,0,0,0,0,0,0,0,0
2018년,형법범,공무원범죄,직권남용,0,0,0,0,0,0,0,0,0,0,0,0,0,0,0,0,0
2018년,형법범,공무원범죄,직무유기,0,0,0,0,0,0,0,0,0,0,0,0,0,0,0,0,0
2018년,형법범,풍속범죄,풍속범죄의 계[입력치],44,19,0,7,2,5,1,3,1,25,3,5,3,6,4,2,2
2018년,형법범,풍속범죄,기타음란행위,16,6,0,2,0,1,1,2,0,10,1,1,2,2,3,1,0
2018년,형법범,풍속범죄,도박과 복표,28,13,0,5,2,4,0,1,1,15,2,4,1,4,1,1,2
2018년,형법범,풍속범죄,신앙,0,0,0,0,0,0,0,0,0,0,0,0,0,0,0,0,0
2018년,형법범,과실범죄,과실범죄의 계[입력치],19,10,2,1,1,3,2,1,0,9,0,0,2,4,2,0,1
2018년,형법범,과실범죄,과실치사상,9,5,1,1,1,1,1,0,0,4,0,0,0,3,0,0,1
2018년,형법범,과실범죄,실화,9,4,0,0,0,2,1,1,0,5,0,0,2,1,2,0,0
2018년,형법범,과실범죄,업무상과실치사상,1,1,1,0,0,0,0,0,0,0,0,0,0,0,0,0,0
2018년,형법범,기타형법범죄,기타형법범죄의 계[입력치],603,249,26,40,33,71,50,19,10,354,37,64,44,121,56,23,9
2018년,형법범,기타형법범죄,공무방해,110,37,3,7,2,10,10,4,1,73,6,11,8,28,11,4,5
2018년,형법범,기타형법범죄,공안을해하는죄,1,0,0,0,0,0,0,0,0,1,0,0,0,1,0,0,0
2018년,형법범,기타형법범죄,교통방해,1,1,0,0,1,0,0,0,0,0,0,0,0,0,0,0,0
2018년,형법범,기타형법범죄,권리행사방해,34,17,4,1,4,7,1,0,0,17,1,5,1,8,1,0,1
2018년,형법범,기타형법범죄,내란의죄,0,0,0,0,0,0,0,0,0,0,0,0,0,0,0,0,0
2018년,형법범,기타형법범죄,도주와범인은닉,13,3,2,0,0,0,0,1,0,10,2,0,2,2,3,1,0
2018년,형법범,기타형법범죄,명예,177,72,3,13,10,24,15,5,2,105,7,17,13,37,21,9,1
2018년,형법범,기타형법범죄,무고,6,3,0,0,0,1,2,0,0,3,0,0,0,3,0,0,0
2018년,형법범,기타형법범죄,비밀침해,0,0,0,0,0,0,0,0,0,0,0,0,0,0,0,0,0
2018년,형법범,기타형법범죄,신용업무경매,78,35,2,6,7,5,9,0,6,43,5,11,6,9,8,3,1
2018년,형법범,기타형법범죄,위증과증거인멸,1,1,0,0,0,1,0,0,0,0,0,0,0,0,0,0,0
2018년,형법범,기타형법범죄,유기,2,1,0,0,0,1,0,0,0,1,0,0,0,1,0,0,0
2018년,형법범,기타형법범죄,음용수에관한죄,0,0,0,0,0,0,0,0,0,0,0,0,0,0,0,0,0
2018년,형법범,기타형법범죄,일수와수리에관한죄,0,0,0,0,0,0,0,0,0,0,0,0,0,0,0,0,0
2018년,형법범,기타형법범죄,주거침입,179,79,12,13,9,22,13,9,1,100,16,20,14,31,12,6,1
2018년,형법범,기타형법범죄,기타,1,0,0,0,0,0,0,0,0,1,0,0,0,1,0,0,0
2018년,특별법범,특별법범의 계[입력치],특별법범의 계[입력치],"4,541","1,887",199,255,282,661,312,139,39,"2,654",178,330,307,954,489,282,114
2018년,특별법범,개발제한구역의지정및관리에관한특별조치법,개발제한구역의지정및관리에관한특별조치법,0,0,0,0,0,0,0,0,0,0,0,0,0,0,0,0,0
2018년,특별법범,개인정보보호법,개인정보보호법,0,0,0,0,0,0,0,0,0,0,0,0,0,0,0,0,0
2018년,특별법범,건축법,건축법,0,0,0,0,0,0,0,0,0,0,0,0,0,0,0,0,0
2018년,특별법범,게임산업진흥에관한법률,게임산업진흥에관한법률,14,6,0,0,2,2,1,1,0,8,0,0,1,1,5,1,0
2018년,특별법범,경범죄처벌법,경범죄처벌법,32,9,0,1,1,4,2,1,0,23,0,5,3,7,7,1,0
2018년,특별법범,공유재산및물품관리법,공유재산및물품관리법,0,0,0,0,0,0,0,0,0,0,0,0,0,0,0,0,0
2018년,특별법범,공인중개사법,공인중개사법,0,0,0,0,0,0,0,0,0,0,0,0,0,0,0,0,0
2018년,특별법범,공중위생관리법,공중위생관리법,1,0,0,0,0,0,0,0,0,1,0,0,0,1,0,0,0
2018년,특별법범,공직선거법,공직선거법,5,5,0,0,1,3,0,1,0,0,0,0,0,0,0,0,0
2018년,특별법범,교통사고처리특례법,교통사고처리특례법,846,347,27,30,44,134,63,37,12,499,24,45,46,175,119,66,24
2018년,특별법범,국민체육진흥법,국민체육진흥법,4,2,0,0,0,1,1,0,0,2,0,0,0,0,1,1,0
2018년,특별법범,국토의계획및이용에관한법률,국토의계획및이용에관한법률,0,0,0,0,0,0,0,0,0,0,0,0,0,0,0,0,0
2018년,특별법범,근로기준법,근로기준법,0,0,0,0,0,0,0,0,0,0,0,0,0,0,0,0,0
2018년,특별법범,근로자퇴직급여보장법,근로자퇴직급여보장법,0,0,0,0,0,0,0,0,0,0,0,0,0,0,0,0,0
2018년,특별법범,농수산물의원산지표시에관한법률,농수산물의원산지표시에관한법률,0,0,0,0,0,0,0,0,0,0,0,0,0,0,0,0,0
2018년,특별법범,농지법,농지법,0,0,0,0,0,0,0,0,0,0,0,0,0,0,0,0,0
2018년,특별법범,대기환경보전법,대기환경보전법,0,0,0,0,0,0,0,0,0,0,0,0,0,0,0,0,0
2018년,특별법범,대부업등의등록및금융이용자보호에관한법률,대부업등의등록및금융이용자보호에관한법률,9,6,0,4,0,1,1,0,0,3,0,0,1,2,0,0,0
2018년,특별법범,도로교통법,도로교통법,"2,178",919,110,141,121,336,145,54,12,"1,259",94,171,165,450,211,123,45
2018년,특별법범,도로법,도로법,0,0,0,0,0,0,0,0,0,0,0,0,0,0,0,0,0
2018년,특별법범,마약류관리에관한법률,마약류관리에관한법률,25,9,4,1,2,2,0,0,0,16,1,0,4,6,2,2,1
2018년,특별법범,병역법,병역법,0,0,0,0,0,0,0,0,0,0,0,0,0,0,0,0,0
2018년,특별법범,부정경쟁방지및영업비밀보호에관한법률,부정경쟁방지및영업비밀보호에관한법률,0,0,0,0,0,0,0,0,0,0,0,0,0,0,0,0,0
2018년,특별법범,부정수표단속법,부정수표단속법,7,2,0,0,2,0,0,0,0,5,0,1,0,2,0,2,0
2018년,특별법범,사행행위등규제및처벌특례법,사행행위등규제및처벌특례법,0,0,0,0,0,0,0,0,0,0,0,0,0,0,0,0,0
2018년,특별법범,산림자원의조성및관리에관한법률,산림자원의조성및관리에관한법률,0,0,0,0,0,0,0,0,0,0,0,0,0,0,0,0,0
2018년,특별법범,산업안전보건법,산업안전보건법,0,0,0,0,0,0,0,0,0,0,0,0,0,0,0,0,0
2018년,특별법범,산지관리법,산지관리법,0,0,0,0,0,0,0,0,0,0,0,0,0,0,0,0,0
2018년,특별법범,상표법,상표법,1,0,0,0,0,0,0,0,0,1,0,0,0,1,0,0,0
2018년,특별법범,선박안전법,선박안전법,0,0,0,0,0,0,0,0,0,0,0,0,0,0,0,0,0
2018년,특별법범,선박직원법,선박직원법,0,0,0,0,0,0,0,0,0,0,0,0,0,0,0,0,0
2018년,특별법범,성매매알선등행위의처벌에관한법률,성매매알선등행위의처벌에관한법률,53,20,0,4,0,9,4,2,1,33,0,3,1,17,5,5,2
2018년,특별법범,수산업법,수산업법,0,0,0,0,0,0,0,0,0,0,0,0,0,0,0,0,0
2018년,특별법범,수산자원관리법,수산자원관리법,0,0,0,0,0,0,0,0,0,0,0,0,0,0,0,0,0
2018년,특별법범,물환경보전법,물환경보전법,0,0,0,0,0,0,0,0,0,0,0,0,0,0,0,0,0
2018년,특별법범,식품위생법,식품위생법,0,0,0,0,0,0,0,0,0,0,0,0,0,0,0,0,0
2018년,특별법범,아동·청소년의성보호에관한법률(성매수등),아동·청소년의성보호에관한법률(성매수등),121,51,7,12,15,10,4,1,2,70,10,9,6,24,10,7,4
2018년,특별법범,아동·청소년의성보호에관한법률(음란물등),아동·청소년의성보호에관한법률(음란물등),9,2,0,0,0,1,0,0,1,7,1,0,1,3,2,0,0
2018년,특별법범,아동복지법,아동복지법,16,7,4,1,0,0,2,0,0,9,2,3,1,0,3,0,0
2018년,특별법범,여객자동차운수사업법,여객자동차운수사업법,1,0,0,0,0,0,0,0,0,1,0,0,0,0,0,0,1
2018년,특별법범,여신전문금융업법,여신전문금융업법,31,9,4,2,0,3,0,0,0,22,4,5,0,10,3,0,0
2018년,특별법범,외국환거래법,외국환거래법,0,0,0,0,0,0,0,0,0,0,0,0,0,0,0,0,0
2018년,특별법범,의료법,의료법,5,1,0,0,0,0,1,0,0,4,0,0,0,3,0,1,0
2018년,특별법범,자동차관리법,자동차관리법,134,43,8,2,9,17,4,1,2,91,1,12,10,34,19,8,7
2018년,특별법범,자동차손해배상보장법,자동차손해배상보장법,181,73,6,10,15,23,11,7,1,108,11,14,13,40,15,7,8
2018년,특별법범,저작권법,저작권법,0,0,0,0,0,0,0,0,0,0,0,0,0,0,0,0,0
2018년,특별법범,전자금융거래법,전자금융거래법,78,26,1,7,4,5,4,4,1,52,3,6,4,28,6,4,1
2018년,특별법범,정보통신망이용촉진및정보보호등에관한법률,정보통신망이용촉진및정보보호등에관한법률,87,36,4,4,11,12,2,2,1,51,3,9,8,17,5,7,2
2018년,특별법범,조세범처벌법,조세범처벌법,0,0,0,0,0,0,0,0,0,0,0,0,0,0,0,0,0
2018년,특별법범,주민등록법,주민등록법,305,139,7,20,21,42,33,13,3,166,7,17,16,69,30,22,5
2018년,특별법범,청소년보호법,청소년보호법,178,77,8,7,10,27,17,6,2,101,4,10,8,29,23,15,12
2018년,특별법범,축산물위생관리법,축산물위생관리법,0,0,0,0,0,0,0,0,0,0,0,0,0,0,0,0,0
2018년,특별법범,출입국관리법,출입국관리법,0,0,0,0,0,0,0,0,0,0,0,0,0,0,0,0,0
2018년,특별법범,통신비밀보호법,통신비밀보호법,0,0,0,0,0,0,0,0,0,0,0,0,0,0,0,0,0
2018년,특별법범,특가법(도주차량),특가법(도주차량),35,13,4,1,3,2,2,1,0,22,4,2,6,6,3,1,0
2018년,특별법범,폐기물관리법,폐기물관리법,0,0,0,0,0,0,0,0,0,0,0,0,0,0,0,0,0
2018년,특별법범,풍속영업의규제에관한법률,풍속영업의규제에관한법률,0,0,0,0,0,0,0,0,0,0,0,0,0,0,0,0,0
2018년,특별법범,학원의설립운영및과외교습에관한법률,학원의설립운영및과외교습에관한법률,0,0,0,0,0,0,0,0,0,0,0,0,0,0,0,0,0
2018년,특별법범,예비군법,예비군법,0,0,0,0,0,0,0,0,0,0,0,0,0,0,0,0,0
2018년,특별법범,화물자동차운수사업법,화물자동차운수사업법,0,0,0,0,0,0,0,0,0,0,0,0,0,0,0,0,0
2018년,특별법범,기타특별법,기타특별법,185,85,5,8,21,27,15,8,1,100,9,18,13,29,20,9,2
2019년,계,계[입력치],계[입력치],"26,459","13,013","2,165","2,481","2,017","3,816","1,503",801,230,"13,446","1,978","2,427","1,862","4,125","1,765",928,361
2019년,형법범,형법범계[입력치],형법범계[입력치],"21,911","11,037","1,957","2,187","1,699","3,204","1,159",643,188,"10,874","1,773","2,089","1,555","3,205","1,308",674,270
2019년,형법범,재산범죄,재산범죄의 계[입력치],"13,236","6,821","1,520","1,469","1,013","1,917",515,302,85,"6,415","1,332","1,375",947,"1,787",559,284,131
2019년,형법범,재산범죄,배임,0,0,0,0,0,0,0,0,0,0,0,0,0,0,0,0,0
2019년,형법범,재산범죄,사기,"4,344","2,351",500,552,340,680,143,104,32,"1,993",352,385,266,630,182,117,61
2019년,형법범,재산범죄,손괴,461,191,27,46,23,48,25,17,5,270,40,49,32,80,37,23,9
2019년,형법범,재산범죄,장물,75,36,7,9,6,9,2,1,2,39,7,10,7,7,2,4,2
2019년,형법범,재산범죄,절도,"7,897","4,037",960,834,611,"1,113",316,159,44,"3,860",900,896,615,978,300,121,50
2019년,형법범,재산범죄,횡령,459,206,26,28,33,67,29,21,2,253,33,35,27,92,38,19,9
2019년,형법범,강력범죄(흉악),강력범죄(흉악)의 계[입력치],874,394,37,64,71,125,46,41,10,480,51,64,63,149,74,56,23
2019년,형법범,강력범죄(흉악),강도,244,131,14,35,32,37,10,3,0,113,12,22,19,34,17,6,3
2019년,형법범,강력범죄(흉악),방화,22,9,2,3,0,2,2,0,0,13,3,1,3,2,0,1,3
2019년,형법범,강력범죄(흉악),살인,11,2,0,0,0,1,0,1,0,9,1,2,1,2,3,0,0
2019년,형법범,강력범죄(흉악),성폭력,597,252,21,26,39,85,34,37,10,345,35,39,40,111,54,49,17
2019년,형법범,강력범죄(폭력),강력범죄(폭력)의 계[입력치],"6,647","3,313",342,567,544,"1,020",508,257,75,"3,334",332,551,463,"1,081",558,260,89
2019년,형법범,강력범죄(폭력),공갈,945,465,74,103,88,131,31,30,8,480,70,103,66,142,71,23,5
2019년,형법범,강력범죄(폭력),상해,"1,912",929,81,160,153,304,144,74,13,983,95,137,138,308,198,86,21
2019년,형법범,강력범죄(폭력),약취와 유인,7,5,1,0,3,1,0,0,0,2,1,1,0,0,0,0,0
2019년,형법범,강력범죄(폭력),체포와 감금,116,63,2,16,7,21,10,6,1,53,6,13,7,14,6,6,1
2019년,형법범,강력범죄(폭력),"폭력행위등(단체등의구성,활동)",26,12,2,0,3,5,0,2,0,14,3,3,0,6,1,0,1
2019년,형법범,강력범죄(폭력),"폭력행위등(손괴,강요,주거침입등)",198,107,23,30,21,22,6,4,1,91,10,23,11,32,9,5,1
2019년,형법범,강력범죄(폭력),폭행,"3,221","1,625",152,240,248,505,299,136,45,"1,596",133,256,226,548,247,132,54
2019년,형법범,강력범죄(폭력),협박,222,107,7,18,21,31,18,5,7,115,14,15,15,31,26,8,6
2019년,형법범,위조범죄,위조범죄의 계[입력치],459,199,18,27,25,61,39,21,8,260,17,35,37,79,56,25,11
2019년,형법범,위조범죄,문서,437,189,16,25,24,58,38,20,8,248,17,34,36,78,51,23,9
2019년,형법범,위조범죄,유가증권인지우표,2,0,0,0,0,0,0,0,0,2,0,0,0,0,0,2,0
2019년,형법범,위조범죄,인장,8,2,1,1,0,0,0,0,0,6,0,0,1,1,2,0,2
2019년,형법범,위조범죄,통화,12,8,1,1,1,3,1,1,0,4,0,1,0,0,3,0,0
2019년,형법범,공무원범죄,공무원범죄의 계[입력치],0,0,0,0,0,0,0,0,0,0,0,0,0,0,0,0,0
2019년,형법범,공무원범죄,수뢰,0,0,0,0,0,0,0,0,0,0,0,0,0,0,0,0,0
2019년,형법범,공무원범죄,증뢰,0,0,0,0,0,0,0,0,0,0,0,0,0,0,0,0,0
2019년,형법범,공무원범죄,직권남용,0,0,0,0,0,0,0,0,0,0,0,0,0,0,0,0,0
2019년,형법범,공무원범죄,직무유기,0,0,0,0,0,0,0,0,0,0,0,0,0,0,0,0,0
2019년,형법범,풍속범죄,풍속범죄의 계[입력치],44,18,1,2,3,6,4,2,0,26,1,4,4,3,4,9,1
2019년,형법범,풍속범죄,기타음란행위,22,13,1,2,2,4,2,2,0,9,1,2,2,0,2,2,0
2019년,형법범,풍속범죄,도박과 복표,22,5,0,0,1,2,2,0,0,17,0,2,2,3,2,7,1
2019년,형법범,풍속범죄,신앙,0,0,0,0,0,0,0,0,0,0,0,0,0,0,0,0,0
2019년,형법범,과실범죄,과실범죄의 계[입력치],29,16,1,7,2,2,2,1,1,13,2,2,2,4,3,0,0
2019년,형법범,과실범죄,과실치사상,7,3,0,0,0,1,0,1,1,4,0,0,0,2,2,0,0
2019년,형법범,과실범죄,실화,20,12,1,7,2,1,1,0,0,8,2,2,2,1,1,0,0
2019년,형법범,과실범죄,업무상과실치사상,2,1,0,0,0,0,1,0,0,1,0,0,0,1,0,0,0
2019년,형법범,기타형법범죄,기타형법범죄의 계[입력치],622,276,38,51,41,73,45,19,9,346,38,58,39,102,54,40,15
2019년,형법범,기타형법범죄,공무방해,110,40,2,6,5,12,13,2,0,70,6,10,10,19,13,9,3
2019년,형법범,기타형법범죄,공안을해하는죄,0,0,0,0,0,0,0,0,0,0,0,0,0,0,0,0,0
2019년,형법범,기타형법범죄,교통방해,0,0,0,0,0,0,0,0,0,0,0,0,0,0,0,0,0
2019년,형법범,기타형법범죄,권리행사방해,43,15,2,4,3,4,2,0,0,28,5,3,1,10,5,2,2
2019년,형법범,기타형법범죄,내란의죄,0,0,0,0,0,0,0,0,0,0,0,0,0,0,0,0,0
2019년,형법범,기타형법범죄,도주와범인은닉,16,7,1,1,2,0,2,1,0,9,1,0,0,2,1,1,4
2019년,형법범,기타형법범죄,명예,146,58,6,10,8,16,8,7,3,88,5,11,6,34,14,15,3
2019년,형법범,기타형법범죄,무고,8,4,0,0,1,2,1,0,0,4,2,1,0,1,0,0,0
2019년,형법범,기타형법범죄,비밀침해,0,0,0,0,0,0,0,0,0,0,0,0,0,0,0,0,0
2019년,형법범,기타형법범죄,신용업무경매,82,39,7,11,7,4,5,3,2,43,5,10,4,9,6,7,2
2019년,형법범,기타형법범죄,위증과증거인멸,2,0,0,0,0,0,0,0,0,2,0,0,0,1,0,1,0
2019년,형법범,기타형법범죄,유기,0,0,0,0,0,0,0,0,0,0,0,0,0,0,0,0,0
2019년,형법범,기타형법범죄,음용수에관한죄,0,0,0,0,0,0,0,0,0,0,0,0,0,0,0,0,0
2019년,형법범,기타형법범죄,일수와수리에관한죄,0,0,0,0,0,0,0,0,0,0,0,0,0,0,0,0,0
2019년,형법범,기타형법범죄,주거침입,215,113,20,19,15,35,14,6,4,102,14,23,18,26,15,5,1
2019년,형법범,기타형법범죄,기타,0,0,0,0,0,0,0,0,0,0,0,0,0,0,0,0,0
2019년,특별법범,특별법범의 계[입력치],특별법범의 계[입력치],"4,548","1,976",208,294,318,612,344,158,42,"2,572",205,338,307,920,457,254,91
2019년,특별법범,개발제한구역의지정및관리에관한특별조치법,개발제한구역의지정및관리에관한특별조치법,0,0,0,0,0,0,0,0,0,0,0,0,0,0,0,0,0
2019년,특별법범,개인정보보호법,개인정보보호법,0,0,0,0,0,0,0,0,0,0,0,0,0,0,0,0,0
2019년,특별법범,건축법,건축법,0,0,0,0,0,0,0,0,0,0,0,0,0,0,0,0,0
2019년,특별법범,게임산업진흥에관한법률,게임산업진흥에관한법률,10,5,0,2,0,0,1,1,1,5,0,1,1,1,0,1,1
2019년,특별법범,경범죄처벌법,경범죄처벌법,38,11,2,1,5,2,1,0,0,27,3,6,1,12,5,0,0
2019년,특별법범,공유재산및물품관리법,공유재산및물품관리법,0,0,0,0,0,0,0,0,0,0,0,0,0,0,0,0,0
2019년,특별법범,공인중개사법,공인중개사법,0,0,0,0,0,0,0,0,0,0,0,0,0,0,0,0,0
2019년,특별법범,공중위생관리법,공중위생관리법,0,0,0,0,0,0,0,0,0,0,0,0,0,0,0,0,0
2019년,특별법범,공직선거법,공직선거법,0,0,0,0,0,0,0,0,0,0,0,0,0,0,0,0,0
2019년,특별법범,교통사고처리특례법,교통사고처리특례법,747,322,19,32,48,97,83,32,11,425,17,46,39,162,91,57,13
2019년,특별법범,국민체육진흥법,국민체육진흥법,3,0,0,0,0,0,0,0,0,3,0,0,0,2,1,0,0
2019년,특별법범,국토의계획및이용에관한법률,국토의계획및이용에관한법률,0,0,0,0,0,0,0,0,0,0,0,0,0,0,0,0,0
2019년,특별법범,근로기준법,근로기준법,0,0,0,0,0,0,0,0,0,0,0,0,0,0,0,0,0
2019년,특별법범,근로자퇴직급여보장법,근로자퇴직급여보장법,0,0,0,0,0,0,0,0,0,0,0,0,0,0,0,0,0
2019년,특별법범,농수산물의원산지표시에관한법률,농수산물의원산지표시에관한법률,0,0,0,0,0,0,0,0,0,0,0,0,0,0,0,0,0
2019년,특별법범,농지법,농지법,0,0,0,0,0,0,0,0,0,0,0,0,0,0,0,0,0
2019년,특별법범,대기환경보전법,대기환경보전법,0,0,0,0,0,0,0,0,0,0,0,0,0,0,0,0,0
2019년,특별법범,대부업등의등록및금융이용자보호에관한법률,대부업등의등록및금융이용자보호에관한법률,13,3,0,1,1,0,0,1,0,10,1,2,0,5,0,1,1
2019년,특별법범,도로교통법,도로교통법,"2,231","1,032",117,170,183,321,164,60,17,"1,199",114,172,167,414,195,99,38
2019년,특별법범,도로법,도로법,0,0,0,0,0,0,0,0,0,0,0,0,0,0,0,0,0
2019년,특별법범,마약류관리에관한법률,마약류관리에관한법률,28,13,2,2,3,2,2,1,1,15,3,1,0,7,1,2,1
2019년,특별법범,병역법,병역법,0,0,0,0,0,0,0,0,0,0,0,0,0,0,0,0,0
2019년,특별법범,부정경쟁방지및영업비밀보호에관한법률,부정경쟁방지및영업비밀보호에관한법률,0,0,0,0,0,0,0,0,0,0,0,0,0,0,0,0,0
2019년,특별법범,부정수표단속법,부정수표단속법,1,1,0,0,0,1,0,0,0,0,0,0,0,0,0,0,0
2019년,특별법범,사행행위등규제및처벌특례법,사행행위등규제및처벌특례법,0,0,0,0,0,0,0,0,0,0,0,0,0,0,0,0,0
2019년,특별법범,산림자원의조성및관리에관한법률,산림자원의조성및관리에관한법률,0,0,0,0,0,0,0,0,0,0,0,0,0,0,0,0,0
2019년,특별법범,산업안전보건법,산업안전보건법,0,0,0,0,0,0,0,0,0,0,0,0,0,0,0,0,0
2019년,특별법범,산지관리법,산지관리법,0,0,0,0,0,0,0,0,0,0,0,0,0,0,0,0,0
2019년,특별법범,상표법,상표법,1,0,0,0,0,0,0,0,0,1,0,0,0,1,0,0,0
2019년,특별법범,선박안전법,선박안전법,0,0,0,0,0,0,0,0,0,0,0,0,0,0,0,0,0
2019년,특별법범,선박직원법,선박직원법,0,0,0,0,0,0,0,0,0,0,0,0,0,0,0,0,0
2019년,특별법범,성매매알선등행위의처벌에관한법률,성매매알선등행위의처벌에관한법률,20,5,0,1,2,2,0,0,0,15,0,1,2,6,2,3,1
2019년,특별법범,수산업법,수산업법,0,0,0,0,0,0,0,0,0,0,0,0,0,0,0,0,0
2019년,특별법범,수산자원관리법,수산자원관리법,0,0,0,0,0,0,0,0,0,0,0,0,0,0,0,0,0
2019년,특별법범,물환경보전법,물환경보전법,0,0,0,0,0,0,0,0,0,0,0,0,0,0,0,0,0
2019년,특별법범,식품위생법,식품위생법,2,1,0,0,0,0,1,0,0,1,0,0,0,0,1,0,0
2019년,특별법범,아동·청소년의성보호에관한법률(성매수등),아동·청소년의성보호에관한법률(성매수등),107,51,10,15,3,16,4,3,0,56,4,8,5,28,4,3,4
2019년,특별법범,아동·청소년의성보호에관한법률(음란물등),아동·청소년의성보호에관한법률(음란물등),18,3,0,0,0,1,0,2,0,15,3,3,4,3,1,1,0
2019년,특별법범,아동복지법,아동복지법,17,7,0,2,0,0,3,2,0,10,0,1,1,5,1,1,1
2019년,특별법범,여객자동차운수사업법,여객자동차운수사업법,2,0,0,0,0,0,0,0,0,2,0,1,1,0,0,0,0
2019년,특별법범,여신전문금융업법,여신전문금융업법,49,19,6,2,3,8,0,0,0,30,9,9,4,6,1,1,0
2019년,특별법범,외국환거래법,외국환거래법,0,0,0,0,0,0,0,0,0,0,0,0,0,0,0,0,0
2019년,특별법범,의료법,의료법,3,0,0,0,0,0,0,0,0,3,0,0,0,1,1,0,1
2019년,특별법범,자동차관리법,자동차관리법,197,79,8,7,13,27,14,8,2,118,7,12,13,42,28,10,6
2019년,특별법범,자동차손해배상보장법,자동차손해배상보장법,155,65,6,7,14,25,8,3,2,90,10,7,12,30,18,8,5
2019년,특별법범,저작권법,저작권법,3,1,1,0,0,0,0,0,0,2,2,0,0,0,0,0,0
2019년,특별법범,전자금융거래법,전자금융거래법,99,38,4,9,4,9,3,9,0,61,2,12,2,27,10,7,1
2019년,특별법범,정보통신망이용촉진및정보보호등에관한법률,정보통신망이용촉진및정보보호등에관한법률,94,41,3,4,5,20,6,2,1,53,5,7,1,24,7,8,1
2019년,특별법범,조세범처벌법,조세범처벌법,0,0,0,0,0,0,0,0,0,0,0,0,0,0,0,0,0
2019년,특별법범,주민등록법,주민등록법,334,131,10,18,16,37,28,18,4,203,11,23,28,58,50,24,9
2019년,특별법범,청소년보호법,청소년보호법,159,60,5,7,9,22,10,7,0,99,6,7,6,34,22,19,5
2019년,특별법범,축산물위생관리법,축산물위생관리법,0,0,0,0,0,0,0,0,0,0,0,0,0,0,0,0,0
2019년,특별법범,출입국관리법,출입국관리법,0,0,0,0,0,0,0,0,0,0,0,0,0,0,0,0,0
2019년,특별법범,통신비밀보호법,통신비밀보호법,0,0,0,0,0,0,0,0,0,0,0,0,0,0,0,0,0
2019년,특별법범,특가법(도주차량),특가법(도주차량),6,5,3,1,0,1,0,0,0,1,0,0,0,1,0,0,0
2019년,특별법범,폐기물관리법,폐기물관리법,0,0,0,0,0,0,0,0,0,0,0,0,0,0,0,0,0
2019년,특별법범,풍속영업의규제에관한법률,풍속영업의규제에관한법률,0,0,0,0,0,0,0,0,0,0,0,0,0,0,0,0,0
2019년,특별법범,학원의설립운영및과외교습에관한법률,학원의설립운영및과외교습에관한법률,0,0,0,0,0,0,0,0,0,0,0,0,0,0,0,0,0
2019년,특별법범,예비군법,예비군법,0,0,0,0,0,0,0,0,0,0,0,0,0,0,0,0,0
2019년,특별법범,화물자동차운수사업법,화물자동차운수사업법,0,0,0,0,0,0,0,0,0,0,0,0,0,0,0,0,0
2019년,특별법범,기타특별법,기타특별법,211,83,12,13,9,21,16,9,3,128,8,19,20,51,18,9,3